[0m18:13:41.328691 [debug] [MainThread]: Sending event: {'category': 'dbt', 'action': 'invocation', 'label': 'start', 'context': [<snowplow_tracker.self_describing_json.SelfDescribingJson object at 0x0000019CB4461E10>, <snowplow_tracker.self_describing_json.SelfDescribingJson object at 0x0000019CB4461990>, <snowplow_tracker.self_describing_json.SelfDescribingJson object at 0x0000019CB4461590>]}


============================== 18:13:41.334692 | f4c9c5a7-24f4-4c81-a0ff-14e512af8e1f ==============================
[0m18:13:41.334692 [info ] [MainThread]: Running with dbt=1.11.10
[0m18:13:41.336686 [debug] [MainThread]: running dbt with arguments {'version_check': 'True', 'no_print': 'None', 'static_parser': 'True', 'warn_error_options': 'WarnErrorOptionsV2(error=[], warn=[], silence=[])', 'target_path': 'None', 'printer_width': '80', 'write_json': 'True', 'empty': 'None', 'log_cache_events': 'False', 'introspect': 'True', 'cache_selected_only': 'False', 'log_format': 'default', 'debug': 'False', 'fail_fast': 'False', 'partial_parse': 'True', 'send_anonymous_usage_stats': 'True', 'quiet': 'False', 'warn_error': 'None', 'profiles_dir': 'C:\\Users\\kartu\\.dbt', 'indirect_selection': 'eager', 'invocation_command': 'dbt debug', 'use_colors': 'True', 'use_experimental_parser': 'False', 'log_path': 'C:\\Users\\kartu\\Downloads\\MGIMO_BigData-main\\LAB2\\language_platform\\logs'}
[0m18:13:41.367678 [info ] [MainThread]: dbt version: 1.11.10
[0m18:13:41.368681 [info ] [MainThread]: python version: 3.11.4
[0m18:13:41.369679 [info ] [MainThread]: python path: C:\Users\kartu\Downloads\MGIMO_BigData-main\LAB2\.venv\Scripts\python.exe
[0m18:13:41.370678 [info ] [MainThread]: os info: Windows-10-10.0.26200-SP0
[0m18:13:41.371681 [info ] [MainThread]: Using profiles dir at C:\Users\kartu\.dbt
[0m18:13:41.373684 [info ] [MainThread]: Using profiles.yml file at C:\Users\kartu\.dbt\profiles.yml
[0m18:13:41.374685 [info ] [MainThread]: Using dbt_project.yml file at C:\Users\kartu\Downloads\MGIMO_BigData-main\LAB2\language_platform\dbt_project.yml
[0m18:13:41.482993 [info ] [MainThread]: Configuration:
[0m18:13:41.483978 [info ] [MainThread]:   profiles.yml file [[31mERROR not found[0m]
[0m18:13:41.484986 [info ] [MainThread]:   dbt_project.yml file [[32mOK found and valid[0m]
[0m18:13:41.484986 [info ] [MainThread]: Required dependencies:
[0m18:13:41.485980 [debug] [MainThread]: Executing "git --help"
[0m18:13:41.530495 [debug] [MainThread]: STDOUT: "b"usage: git [-v | --version] [-h | --help] [-C <path>] [-c <name>=<value>]\n           [--exec-path[=<path>]] [--html-path] [--man-path] [--info-path]\n           [-p | --paginate | -P | --no-pager] [--no-replace-objects] [--bare]\n           [--git-dir=<path>] [--work-tree=<path>] [--namespace=<name>]\n           [--super-prefix=<path>] [--config-env=<name>=<envvar>]\n           <command> [<args>]\n\nThese are common Git commands used in various situations:\n\nstart a working area (see also: git help tutorial)\n   clone     Clone a repository into a new directory\n   init      Create an empty Git repository or reinitialize an existing one\n\nwork on the current change (see also: git help everyday)\n   add       Add file contents to the index\n   mv        Move or rename a file, a directory, or a symlink\n   restore   Restore working tree files\n   rm        Remove files from the working tree and from the index\n\nexamine the history and state (see also: git help revisions)\n   bisect    Use binary search to find the commit that introduced a bug\n   diff      Show changes between commits, commit and working tree, etc\n   grep      Print lines matching a pattern\n   log       Show commit logs\n   show      Show various types of objects\n   status    Show the working tree status\n\ngrow, mark and tweak your common history\n   branch    List, create, or delete branches\n   commit    Record changes to the repository\n   merge     Join two or more development histories together\n   rebase    Reapply commits on top of another base tip\n   reset     Reset current HEAD to the specified state\n   switch    Switch branches\n   tag       Create, list, delete or verify a tag object signed with GPG\n\ncollaborate (see also: git help workflows)\n   fetch     Download objects and refs from another repository\n   pull      Fetch from and integrate with another repository or a local branch\n   push      Update remote refs along with associated objects\n\n'git help -a' and 'git help -g' list available subcommands and some\nconcept guides. See 'git help <command>' or 'git help <concept>'\nto read about a specific subcommand or concept.\nSee 'git help git' for an overview of the system.\n""
[0m18:13:41.531504 [debug] [MainThread]: STDERR: "b''"
[0m18:13:41.532506 [info ] [MainThread]:  - git [[32mOK found[0m]

[0m18:13:41.533496 [info ] [MainThread]: Connection test skipped since no profile was found
[0m18:13:41.533496 [info ] [MainThread]: [31m1 check failed:[0m
[0m18:13:41.534507 [info ] [MainThread]: dbt looked for a profiles.yml file in C:\Users\kartu\.dbt\profiles.yml, but did
not find one. For more information on configuring your profile, consult the
documentation:

https://docs.getdbt.com/docs/configure-your-profile


[0m18:13:41.535500 [debug] [MainThread]: Command `dbt debug` failed at 18:13:41.535500 after 0.33 seconds
[0m18:13:41.536510 [debug] [MainThread]: Sending event: {'category': 'dbt', 'action': 'invocation', 'label': 'end', 'context': [<snowplow_tracker.self_describing_json.SelfDescribingJson object at 0x0000019CAD66A110>, <snowplow_tracker.self_describing_json.SelfDescribingJson object at 0x0000019CB5572090>, <snowplow_tracker.self_describing_json.SelfDescribingJson object at 0x0000019CB309D890>]}
[0m18:13:41.536510 [debug] [MainThread]: Flushing usage events
[0m18:13:42.220700 [debug] [MainThread]: An error was encountered while trying to flush usage events
[0m18:15:11.606718 [debug] [MainThread]: Sending event: {'category': 'dbt', 'action': 'invocation', 'label': 'start', 'context': [<snowplow_tracker.self_describing_json.SelfDescribingJson object at 0x000001F550C8D2D0>, <snowplow_tracker.self_describing_json.SelfDescribingJson object at 0x000001F5524922D0>, <snowplow_tracker.self_describing_json.SelfDescribingJson object at 0x000001F552492A10>]}


============================== 18:15:11.611715 | 04db8a3c-fee3-43a1-b7a6-32e82acb029c ==============================
[0m18:15:11.611715 [info ] [MainThread]: Running with dbt=1.11.10
[0m18:15:11.612716 [debug] [MainThread]: running dbt with arguments {'static_parser': 'True', 'no_print': 'None', 'version_check': 'True', 'target_path': 'None', 'warn_error_options': 'WarnErrorOptionsV2(error=[], warn=[], silence=[])', 'printer_width': '80', 'write_json': 'True', 'introspect': 'True', 'log_cache_events': 'False', 'empty': 'None', 'cache_selected_only': 'False', 'log_format': 'default', 'debug': 'False', 'fail_fast': 'False', 'profiles_dir': 'C:\\Users\\kartu\\.dbt', 'send_anonymous_usage_stats': 'True', 'quiet': 'False', 'warn_error': 'None', 'partial_parse': 'True', 'use_colors': 'True', 'indirect_selection': 'eager', 'invocation_command': 'dbt debug', 'use_experimental_parser': 'False', 'log_path': 'C:\\Users\\kartu\\Downloads\\MGIMO_BigData-main\\LAB2\\language_platform\\logs'}
[0m18:15:11.641722 [info ] [MainThread]: dbt version: 1.11.10
[0m18:15:11.642723 [info ] [MainThread]: python version: 3.11.4
[0m18:15:11.643721 [info ] [MainThread]: python path: C:\Users\kartu\Downloads\MGIMO_BigData-main\LAB2\.venv\Scripts\python.exe
[0m18:15:11.644724 [info ] [MainThread]: os info: Windows-10-10.0.26200-SP0
[0m18:15:11.919002 [info ] [MainThread]: Using profiles dir at C:\Users\kartu\.dbt
[0m18:15:11.920000 [info ] [MainThread]: Using profiles.yml file at C:\Users\kartu\.dbt\profiles.yml
[0m18:15:11.921000 [info ] [MainThread]: Using dbt_project.yml file at C:\Users\kartu\Downloads\MGIMO_BigData-main\LAB2\language_platform\dbt_project.yml
[0m18:15:11.944000 [info ] [MainThread]: adapter type: duckdb
[0m18:15:11.944996 [info ] [MainThread]: adapter version: 1.10.1
[0m18:15:12.048581 [info ] [MainThread]: Configuration:
[0m18:15:12.049568 [info ] [MainThread]:   profiles.yml file [[32mOK found and valid[0m]
[0m18:15:12.050581 [info ] [MainThread]:   dbt_project.yml file [[32mOK found and valid[0m]
[0m18:15:12.051565 [info ] [MainThread]: Required dependencies:
[0m18:15:12.052566 [debug] [MainThread]: Executing "git --help"
[0m18:15:12.098281 [debug] [MainThread]: STDOUT: "b"usage: git [-v | --version] [-h | --help] [-C <path>] [-c <name>=<value>]\n           [--exec-path[=<path>]] [--html-path] [--man-path] [--info-path]\n           [-p | --paginate | -P | --no-pager] [--no-replace-objects] [--bare]\n           [--git-dir=<path>] [--work-tree=<path>] [--namespace=<name>]\n           [--super-prefix=<path>] [--config-env=<name>=<envvar>]\n           <command> [<args>]\n\nThese are common Git commands used in various situations:\n\nstart a working area (see also: git help tutorial)\n   clone     Clone a repository into a new directory\n   init      Create an empty Git repository or reinitialize an existing one\n\nwork on the current change (see also: git help everyday)\n   add       Add file contents to the index\n   mv        Move or rename a file, a directory, or a symlink\n   restore   Restore working tree files\n   rm        Remove files from the working tree and from the index\n\nexamine the history and state (see also: git help revisions)\n   bisect    Use binary search to find the commit that introduced a bug\n   diff      Show changes between commits, commit and working tree, etc\n   grep      Print lines matching a pattern\n   log       Show commit logs\n   show      Show various types of objects\n   status    Show the working tree status\n\ngrow, mark and tweak your common history\n   branch    List, create, or delete branches\n   commit    Record changes to the repository\n   merge     Join two or more development histories together\n   rebase    Reapply commits on top of another base tip\n   reset     Reset current HEAD to the specified state\n   switch    Switch branches\n   tag       Create, list, delete or verify a tag object signed with GPG\n\ncollaborate (see also: git help workflows)\n   fetch     Download objects and refs from another repository\n   pull      Fetch from and integrate with another repository or a local branch\n   push      Update remote refs along with associated objects\n\n'git help -a' and 'git help -g' list available subcommands and some\nconcept guides. See 'git help <command>' or 'git help <concept>'\nto read about a specific subcommand or concept.\nSee 'git help git' for an overview of the system.\n""
[0m18:15:12.098281 [debug] [MainThread]: STDERR: "b''"
[0m18:15:12.099280 [info ] [MainThread]:  - git [[32mOK found[0m]

[0m18:15:12.100281 [info ] [MainThread]: Connection:
[0m18:15:12.101283 [info ] [MainThread]:   database: language_db
[0m18:15:12.101283 [info ] [MainThread]:   schema: main
[0m18:15:12.102283 [info ] [MainThread]:   path: language_db.duckdb
[0m18:15:12.103281 [info ] [MainThread]:   config_options: None
[0m18:15:12.103281 [info ] [MainThread]:   extensions: None
[0m18:15:12.104279 [info ] [MainThread]:   settings: {}
[0m18:15:12.105288 [info ] [MainThread]:   external_root: .
[0m18:15:12.107287 [info ] [MainThread]:   use_credential_provider: None
[0m18:15:12.108280 [info ] [MainThread]:   attach: None
[0m18:15:12.108280 [info ] [MainThread]:   filesystems: None
[0m18:15:12.109283 [info ] [MainThread]:   remote: None
[0m18:15:12.110284 [info ] [MainThread]:   plugins: None
[0m18:15:12.111283 [info ] [MainThread]:   disable_transactions: False
[0m18:15:12.112285 [info ] [MainThread]: Registered adapter: duckdb=1.10.1
[0m18:15:12.413792 [debug] [MainThread]: Acquiring new duckdb connection 'debug'
[0m18:15:16.467631 [debug] [MainThread]: Using duckdb connection "debug"
[0m18:15:16.467631 [debug] [MainThread]: On debug: select 1 as id
[0m18:15:16.468643 [debug] [MainThread]: Opening a new connection, currently in state init
[0m18:15:16.489642 [debug] [MainThread]: SQL status: OK in 0.021 seconds
[0m18:15:16.490644 [debug] [MainThread]: On debug: Close
[0m18:15:16.491660 [info ] [MainThread]:   Connection test: [[32mOK connection ok[0m]

[0m18:15:16.492629 [info ] [MainThread]: [32mAll checks passed![0m
[0m18:15:16.493638 [debug] [MainThread]: Command `dbt debug` succeeded at 18:15:16.493638 after 4.98 seconds
[0m18:15:16.494640 [debug] [MainThread]: Connection 'debug' was properly closed.
[0m18:15:16.494640 [debug] [MainThread]: Sending event: {'category': 'dbt', 'action': 'invocation', 'label': 'end', 'context': [<snowplow_tracker.self_describing_json.SelfDescribingJson object at 0x000001F5524F1D90>, <snowplow_tracker.self_describing_json.SelfDescribingJson object at 0x000001F55275B850>, <snowplow_tracker.self_describing_json.SelfDescribingJson object at 0x000001F552C50B50>]}
[0m18:15:16.495643 [debug] [MainThread]: Flushing usage events
[0m18:15:17.263668 [debug] [MainThread]: An error was encountered while trying to flush usage events
[0m18:16:22.456744 [debug] [MainThread]: Sending event: {'category': 'dbt', 'action': 'invocation', 'label': 'start', 'context': [<snowplow_tracker.self_describing_json.SelfDescribingJson object at 0x000001C9004DA890>, <snowplow_tracker.self_describing_json.SelfDescribingJson object at 0x000001C900298A90>, <snowplow_tracker.self_describing_json.SelfDescribingJson object at 0x000001C90157C790>]}


============================== 18:16:22.462743 | f509fd77-cd04-4f5d-8b76-c24039f6ca8b ==============================
[0m18:16:22.462743 [info ] [MainThread]: Running with dbt=1.11.10
[0m18:16:22.463747 [debug] [MainThread]: running dbt with arguments {'static_parser': 'True', 'no_print': 'None', 'version_check': 'True', 'target_path': 'None', 'warn_error_options': 'WarnErrorOptionsV2(error=[], warn=[], silence=[])', 'printer_width': '80', 'write_json': 'True', 'introspect': 'True', 'log_cache_events': 'False', 'empty': 'None', 'cache_selected_only': 'False', 'fail_fast': 'False', 'debug': 'False', 'log_format': 'default', 'partial_parse': 'True', 'send_anonymous_usage_stats': 'True', 'quiet': 'False', 'warn_error': 'None', 'profiles_dir': 'C:\\Users\\kartu\\.dbt', 'use_colors': 'True', 'invocation_command': 'dbt seed', 'indirect_selection': 'eager', 'use_experimental_parser': 'False', 'log_path': 'C:\\Users\\kartu\\Downloads\\MGIMO_BigData-main\\LAB2\\language_platform\\logs'}
[0m18:16:22.855106 [debug] [MainThread]: Sending event: {'category': 'dbt', 'action': 'project_id', 'label': 'f509fd77-cd04-4f5d-8b76-c24039f6ca8b', 'context': [<snowplow_tracker.self_describing_json.SelfDescribingJson object at 0x000001C9015F0990>]}
[0m18:16:22.923697 [debug] [MainThread]: Sending event: {'category': 'dbt', 'action': 'adapter_info', 'label': 'f509fd77-cd04-4f5d-8b76-c24039f6ca8b', 'context': [<snowplow_tracker.self_describing_json.SelfDescribingJson object at 0x000001C97CB5C0D0>]}
[0m18:16:22.927703 [info ] [MainThread]: Registered adapter: duckdb=1.10.1
[0m18:16:23.306169 [debug] [MainThread]: checksum: 2f247960199844e016e6a527f21364251736722c6212f4b11e96849fe0fc9e96, vars: {}, profile: , target: , version: 1.11.10
[0m18:16:23.307169 [info ] [MainThread]: Unable to do partial parsing because saved manifest not found. Starting full parse.
[0m18:16:23.308160 [debug] [MainThread]: Sending event: {'category': 'dbt', 'action': 'partial_parser', 'label': 'f509fd77-cd04-4f5d-8b76-c24039f6ca8b', 'context': [<snowplow_tracker.self_describing_json.SelfDescribingJson object at 0x000001C9019BAE50>]}
[0m18:16:26.369792 [debug] [MainThread]: Sending event: {'category': 'dbt', 'action': 'load_project', 'label': 'f509fd77-cd04-4f5d-8b76-c24039f6ca8b', 'context': [<snowplow_tracker.self_describing_json.SelfDescribingJson object at 0x000001C901B8E5D0>]}
[0m18:16:26.461878 [debug] [MainThread]: Wrote artifact WritableManifest to C:\Users\kartu\Downloads\MGIMO_BigData-main\LAB2\language_platform\target\manifest.json
[0m18:16:26.478306 [debug] [MainThread]: Wrote artifact SemanticManifest to C:\Users\kartu\Downloads\MGIMO_BigData-main\LAB2\language_platform\target\semantic_manifest.json
[0m18:16:26.497276 [debug] [MainThread]: Sending event: {'category': 'dbt', 'action': 'resource_counts', 'label': 'f509fd77-cd04-4f5d-8b76-c24039f6ca8b', 'context': [<snowplow_tracker.self_describing_json.SelfDescribingJson object at 0x000001C902050CD0>]}
[0m18:16:26.498276 [info ] [MainThread]: Found 2 models, 1 seed, 4 data tests, 477 macros
[0m18:16:26.499275 [debug] [MainThread]: Sending event: {'category': 'dbt', 'action': 'runnable_timing', 'label': 'f509fd77-cd04-4f5d-8b76-c24039f6ca8b', 'context': [<snowplow_tracker.self_describing_json.SelfDescribingJson object at 0x000001C90207B550>]}
[0m18:16:26.501288 [info ] [MainThread]: 
[0m18:16:26.502288 [info ] [MainThread]: Concurrency: 1 threads (target='dev')
[0m18:16:26.503293 [info ] [MainThread]: 
[0m18:16:26.503293 [debug] [MainThread]: Acquiring new duckdb connection 'master'
[0m18:16:26.505287 [debug] [ThreadPool]: Acquiring new duckdb connection 'list_language_db'
[0m18:16:26.644717 [debug] [ThreadPool]: Using duckdb connection "list_language_db"
[0m18:16:26.645701 [debug] [ThreadPool]: On list_language_db: /* {"app": "dbt", "dbt_version": "1.11.10", "profile_name": "language_platform", "target_name": "dev", "connection_name": "list_language_db"} */

    
    select schema_name
    from system.information_schema.schemata
    
    where lower(catalog_name) = '"language_db"'
    
  
  
[0m18:16:26.645701 [debug] [ThreadPool]: Opening a new connection, currently in state init
[0m18:16:26.675254 [debug] [ThreadPool]: SQL status: OK in 0.029 seconds
[0m18:16:26.677270 [debug] [ThreadPool]: On list_language_db: Close
[0m18:16:26.678248 [debug] [ThreadPool]: Re-using an available connection from the pool (formerly list_language_db, now create_language_db_main)
[0m18:16:26.679456 [debug] [ThreadPool]: Creating schema "database: "language_db"
schema: "main"
"
[0m18:16:26.686324 [debug] [ThreadPool]: Using duckdb connection "create_language_db_main"
[0m18:16:26.686853 [debug] [ThreadPool]: On create_language_db_main: /* {"app": "dbt", "dbt_version": "1.11.10", "profile_name": "language_platform", "target_name": "dev", "connection_name": "create_language_db_main"} */

    
        select type from duckdb_databases()
        where lower(database_name)='language_db'
        and type='sqlite'
    
  
[0m18:16:26.687378 [debug] [ThreadPool]: Opening a new connection, currently in state closed
[0m18:16:26.689054 [debug] [ThreadPool]: SQL status: OK in 0.001 seconds
[0m18:16:26.690588 [debug] [ThreadPool]: Using duckdb connection "create_language_db_main"
[0m18:16:26.690588 [debug] [ThreadPool]: On create_language_db_main: BEGIN
[0m18:16:26.691588 [debug] [ThreadPool]: SQL status: OK in 0.000 seconds
[0m18:16:26.692587 [debug] [ThreadPool]: Using duckdb connection "create_language_db_main"
[0m18:16:26.692587 [debug] [ThreadPool]: On create_language_db_main: /* {"app": "dbt", "dbt_version": "1.11.10", "profile_name": "language_platform", "target_name": "dev", "connection_name": "create_language_db_main"} */

    
    
        create schema if not exists "language_db"."main"
    
[0m18:16:26.693588 [debug] [ThreadPool]: SQL status: OK in 0.000 seconds
[0m18:16:26.694588 [debug] [ThreadPool]: On create_language_db_main: COMMIT
[0m18:16:26.695585 [debug] [ThreadPool]: Using duckdb connection "create_language_db_main"
[0m18:16:26.695585 [debug] [ThreadPool]: On create_language_db_main: COMMIT
[0m18:16:26.696588 [debug] [ThreadPool]: SQL status: OK in 0.000 seconds
[0m18:16:26.696588 [debug] [ThreadPool]: On create_language_db_main: Close
[0m18:16:26.702585 [debug] [ThreadPool]: Acquiring new duckdb connection 'list_language_db_main'
[0m18:16:26.708587 [debug] [ThreadPool]: Using duckdb connection "list_language_db_main"
[0m18:16:26.709587 [debug] [ThreadPool]: On list_language_db_main: BEGIN
[0m18:16:26.710590 [debug] [ThreadPool]: Opening a new connection, currently in state init
[0m18:16:26.711588 [debug] [ThreadPool]: SQL status: OK in 0.001 seconds
[0m18:16:26.712588 [debug] [ThreadPool]: Using duckdb connection "list_language_db_main"
[0m18:16:26.713591 [debug] [ThreadPool]: On list_language_db_main: /* {"app": "dbt", "dbt_version": "1.11.10", "profile_name": "language_platform", "target_name": "dev", "connection_name": "list_language_db_main"} */
select
      'language_db' as database,
      table_name as name,
      table_schema as schema,
      CASE table_type
        WHEN 'BASE TABLE' THEN 'table'
        WHEN 'VIEW' THEN 'view'
        WHEN 'LOCAL TEMPORARY' THEN 'table'
        END as type
    from system.information_schema.tables
    where lower(table_schema) = 'main'
    and lower(table_catalog) = 'language_db'
  
[0m18:16:26.716587 [debug] [ThreadPool]: SQL status: OK in 0.003 seconds
[0m18:16:26.718590 [debug] [ThreadPool]: On list_language_db_main: ROLLBACK
[0m18:16:26.719588 [debug] [ThreadPool]: Failed to rollback 'list_language_db_main'
[0m18:16:26.720589 [debug] [ThreadPool]: On list_language_db_main: Close
[0m18:16:26.721587 [debug] [MainThread]: Sending event: {'category': 'dbt', 'action': 'runnable_timing', 'label': 'f509fd77-cd04-4f5d-8b76-c24039f6ca8b', 'context': [<snowplow_tracker.self_describing_json.SelfDescribingJson object at 0x000001C902050F10>]}
[0m18:16:26.722587 [debug] [MainThread]: Using duckdb connection "master"
[0m18:16:26.722587 [debug] [MainThread]: On master: BEGIN
[0m18:16:26.723601 [debug] [MainThread]: Opening a new connection, currently in state init
[0m18:16:26.723601 [debug] [MainThread]: SQL status: OK in 0.001 seconds
[0m18:16:26.724601 [debug] [MainThread]: On master: COMMIT
[0m18:16:26.725617 [debug] [MainThread]: Using duckdb connection "master"
[0m18:16:26.725617 [debug] [MainThread]: On master: COMMIT
[0m18:16:26.726617 [debug] [MainThread]: SQL status: OK in 0.000 seconds
[0m18:16:26.726617 [debug] [MainThread]: On master: Close
[0m18:16:26.774404 [debug] [Thread-1 (]: Began running node seed.language_platform.progress
[0m18:16:26.774404 [info ] [Thread-1 (]: 1 of 1 START seed file main.progress ........................................... [RUN]
[0m18:16:26.775405 [debug] [Thread-1 (]: Acquiring new duckdb connection 'seed.language_platform.progress'
[0m18:16:26.776406 [debug] [Thread-1 (]: Began compiling node seed.language_platform.progress
[0m18:16:26.777402 [debug] [Thread-1 (]: Began executing node seed.language_platform.progress
[0m18:16:26.806417 [debug] [Thread-1 (]: Using duckdb connection "seed.language_platform.progress"
[0m18:16:26.807433 [debug] [Thread-1 (]: On seed.language_platform.progress: BEGIN
[0m18:16:26.807433 [debug] [Thread-1 (]: Opening a new connection, currently in state init
[0m18:16:26.809434 [debug] [Thread-1 (]: SQL status: OK in 0.001 seconds
[0m18:16:26.810403 [debug] [Thread-1 (]: Using duckdb connection "seed.language_platform.progress"
[0m18:16:26.811438 [debug] [Thread-1 (]: On seed.language_platform.progress: /* {"app": "dbt", "dbt_version": "1.11.10", "profile_name": "language_platform", "target_name": "dev", "node_id": "seed.language_platform.progress"} */

    create table "language_db"."main"."progress" ("user_id" integer,"language" text,"lesson_name" text,"score" integer,"status" text)
  
[0m18:16:26.812417 [debug] [Thread-1 (]: SQL status: OK in 0.001 seconds
[0m18:16:26.822433 [debug] [Thread-1 (]: Using duckdb connection "seed.language_platform.progress"
[0m18:16:26.823433 [debug] [Thread-1 (]: On seed.language_platform.progress: 
          COPY "language_db"."main"."progress" FROM 'C:\Users\kartu\Downloads\MGIMO_BigData-main\LAB2\language_platform\seeds\progress.csv' (FORMAT CSV, HEADER TRUE, DELIMITER ',')
        ...
[0m18:16:26.828433 [debug] [Thread-1 (]: SQL status: OK in 0.005 seconds
[0m18:16:26.834433 [debug] [Thread-1 (]: Writing runtime SQL for node "seed.language_platform.progress"
[0m18:16:26.851471 [debug] [Thread-1 (]: On seed.language_platform.progress: COMMIT
[0m18:16:26.852471 [debug] [Thread-1 (]: Using duckdb connection "seed.language_platform.progress"
[0m18:16:26.852471 [debug] [Thread-1 (]: On seed.language_platform.progress: COMMIT
[0m18:16:26.856455 [debug] [Thread-1 (]: SQL status: OK in 0.003 seconds
[0m18:16:26.858471 [debug] [Thread-1 (]: On seed.language_platform.progress: Close
[0m18:16:26.860585 [debug] [Thread-1 (]: Sending event: {'category': 'dbt', 'action': 'run_model', 'label': 'f509fd77-cd04-4f5d-8b76-c24039f6ca8b', 'context': [<snowplow_tracker.self_describing_json.SelfDescribingJson object at 0x000001C90224FC90>]}
[0m18:16:26.861585 [info ] [Thread-1 (]: 1 of 1 OK loaded seed file main.progress ....................................... [[32mINSERT 3[0m in 0.08s]
[0m18:16:26.862601 [debug] [Thread-1 (]: Finished running node seed.language_platform.progress
[0m18:16:26.864601 [debug] [MainThread]: Using duckdb connection "master"
[0m18:16:26.864601 [debug] [MainThread]: On master: BEGIN
[0m18:16:26.865573 [debug] [MainThread]: Opening a new connection, currently in state closed
[0m18:16:26.866579 [debug] [MainThread]: SQL status: OK in 0.001 seconds
[0m18:16:26.866579 [debug] [MainThread]: On master: COMMIT
[0m18:16:26.867601 [debug] [MainThread]: Using duckdb connection "master"
[0m18:16:26.867601 [debug] [MainThread]: On master: COMMIT
[0m18:16:26.868585 [debug] [MainThread]: SQL status: OK in 0.000 seconds
[0m18:16:26.869602 [debug] [MainThread]: On master: Close
[0m18:16:26.870587 [debug] [MainThread]: Connection 'master' was properly closed.
[0m18:16:26.871601 [debug] [MainThread]: Connection 'create_language_db_main' was properly closed.
[0m18:16:26.871601 [debug] [MainThread]: Connection 'list_language_db_main' was properly closed.
[0m18:16:26.872601 [debug] [MainThread]: Connection 'seed.language_platform.progress' was properly closed.
[0m18:16:26.872601 [info ] [MainThread]: 
[0m18:16:26.873601 [info ] [MainThread]: Finished running 1 seed in 0 hours 0 minutes and 0.37 seconds (0.37s).
[0m18:16:26.875587 [debug] [MainThread]: Command end result
[0m18:16:26.911573 [debug] [MainThread]: Wrote artifact WritableManifest to C:\Users\kartu\Downloads\MGIMO_BigData-main\LAB2\language_platform\target\manifest.json
[0m18:16:26.914571 [debug] [MainThread]: Wrote artifact SemanticManifest to C:\Users\kartu\Downloads\MGIMO_BigData-main\LAB2\language_platform\target\semantic_manifest.json
[0m18:16:26.920571 [debug] [MainThread]: Wrote artifact RunExecutionResult to C:\Users\kartu\Downloads\MGIMO_BigData-main\LAB2\language_platform\target\run_results.json
[0m18:16:26.921571 [info ] [MainThread]: 
[0m18:16:26.922575 [info ] [MainThread]: [32mCompleted successfully[0m
[0m18:16:26.923573 [info ] [MainThread]: 
[0m18:16:26.923573 [info ] [MainThread]: Done. PASS=1 WARN=0 ERROR=0 SKIP=0 NO-OP=0 TOTAL=1
[0m18:16:26.925572 [debug] [MainThread]: Command `dbt seed` succeeded at 18:16:26.925572 after 4.57 seconds
[0m18:16:26.925572 [debug] [MainThread]: Sending event: {'category': 'dbt', 'action': 'invocation', 'label': 'end', 'context': [<snowplow_tracker.self_describing_json.SelfDescribingJson object at 0x000001C90157D250>, <snowplow_tracker.self_describing_json.SelfDescribingJson object at 0x000001C90157C150>, <snowplow_tracker.self_describing_json.SelfDescribingJson object at 0x000001C97961A410>]}
[0m18:16:26.926573 [debug] [MainThread]: Flushing usage events
[0m18:16:27.577345 [debug] [MainThread]: An error was encountered while trying to flush usage events
[0m18:17:15.729581 [debug] [MainThread]: Sending event: {'category': 'dbt', 'action': 'invocation', 'label': 'start', 'context': [<snowplow_tracker.self_describing_json.SelfDescribingJson object at 0x00000289A1210150>, <snowplow_tracker.self_describing_json.SelfDescribingJson object at 0x00000289A4848A90>, <snowplow_tracker.self_describing_json.SelfDescribingJson object at 0x00000289A5B2ED10>]}


============================== 18:17:15.734596 | 3d4b82de-884e-4da8-9784-0b1b8c7ac9b1 ==============================
[0m18:17:15.734596 [info ] [MainThread]: Running with dbt=1.11.10
[0m18:17:15.736571 [debug] [MainThread]: running dbt with arguments {'static_parser': 'True', 'no_print': 'None', 'version_check': 'True', 'target_path': 'None', 'warn_error_options': 'WarnErrorOptionsV2(error=[], warn=[], silence=[])', 'printer_width': '80', 'write_json': 'True', 'empty': 'False', 'log_cache_events': 'False', 'introspect': 'True', 'cache_selected_only': 'False', 'fail_fast': 'False', 'debug': 'False', 'log_format': 'default', 'partial_parse': 'True', 'send_anonymous_usage_stats': 'True', 'quiet': 'False', 'warn_error': 'None', 'profiles_dir': 'C:\\Users\\kartu\\.dbt', 'invocation_command': 'dbt run', 'use_colors': 'True', 'indirect_selection': 'eager', 'use_experimental_parser': 'False', 'log_path': 'C:\\Users\\kartu\\Downloads\\MGIMO_BigData-main\\LAB2\\language_platform\\logs'}
[0m18:17:15.966683 [debug] [MainThread]: Sending event: {'category': 'dbt', 'action': 'project_id', 'label': '3d4b82de-884e-4da8-9784-0b1b8c7ac9b1', 'context': [<snowplow_tracker.self_describing_json.SelfDescribingJson object at 0x00000289A5B80C50>]}
[0m18:17:16.024298 [debug] [MainThread]: Sending event: {'category': 'dbt', 'action': 'adapter_info', 'label': '3d4b82de-884e-4da8-9784-0b1b8c7ac9b1', 'context': [<snowplow_tracker.self_describing_json.SelfDescribingJson object at 0x00000289A3A914D0>]}
[0m18:17:16.027298 [info ] [MainThread]: Registered adapter: duckdb=1.10.1
[0m18:17:16.314830 [debug] [MainThread]: checksum: 2f247960199844e016e6a527f21364251736722c6212f4b11e96849fe0fc9e96, vars: {}, profile: , target: , version: 1.11.10
[0m18:17:16.481035 [debug] [MainThread]: Partial parsing enabled: 0 files deleted, 1 files added, 0 files changed.
[0m18:17:16.482035 [debug] [MainThread]: Partial parsing: added file: language_platform://models\example\language_viz.sql
[0m18:17:16.790000 [debug] [MainThread]: Sending event: {'category': 'dbt', 'action': 'load_project', 'label': '3d4b82de-884e-4da8-9784-0b1b8c7ac9b1', 'context': [<snowplow_tracker.self_describing_json.SelfDescribingJson object at 0x00000289A5C7C250>]}
[0m18:17:16.889541 [debug] [MainThread]: Wrote artifact WritableManifest to C:\Users\kartu\Downloads\MGIMO_BigData-main\LAB2\language_platform\target\manifest.json
[0m18:17:16.892539 [debug] [MainThread]: Wrote artifact SemanticManifest to C:\Users\kartu\Downloads\MGIMO_BigData-main\LAB2\language_platform\target\semantic_manifest.json
[0m18:17:16.909562 [debug] [MainThread]: Sending event: {'category': 'dbt', 'action': 'resource_counts', 'label': '3d4b82de-884e-4da8-9784-0b1b8c7ac9b1', 'context': [<snowplow_tracker.self_describing_json.SelfDescribingJson object at 0x00000289A6045610>]}
[0m18:17:16.910576 [info ] [MainThread]: Found 3 models, 1 seed, 4 data tests, 477 macros
[0m18:17:16.912564 [debug] [MainThread]: Sending event: {'category': 'dbt', 'action': 'runnable_timing', 'label': '3d4b82de-884e-4da8-9784-0b1b8c7ac9b1', 'context': [<snowplow_tracker.self_describing_json.SelfDescribingJson object at 0x00000289A4A8B5D0>]}
[0m18:17:16.914076 [info ] [MainThread]: 
[0m18:17:16.916087 [info ] [MainThread]: Concurrency: 1 threads (target='dev')
[0m18:17:16.917085 [info ] [MainThread]: 
[0m18:17:16.918086 [debug] [MainThread]: Acquiring new duckdb connection 'master'
[0m18:17:16.923892 [debug] [ThreadPool]: Acquiring new duckdb connection 'list_language_db'
[0m18:17:17.007189 [debug] [ThreadPool]: Using duckdb connection "list_language_db"
[0m18:17:17.008189 [debug] [ThreadPool]: On list_language_db: /* {"app": "dbt", "dbt_version": "1.11.10", "profile_name": "language_platform", "target_name": "dev", "connection_name": "list_language_db"} */

    
    select schema_name
    from system.information_schema.schemata
    
    where lower(catalog_name) = '"language_db"'
    
  
  
[0m18:17:17.008189 [debug] [ThreadPool]: Opening a new connection, currently in state init
[0m18:17:17.037716 [debug] [ThreadPool]: SQL status: OK in 0.029 seconds
[0m18:17:17.039718 [debug] [ThreadPool]: On list_language_db: Close
[0m18:17:17.040716 [debug] [ThreadPool]: Re-using an available connection from the pool (formerly list_language_db, now create_language_db_main)
[0m18:17:17.041715 [debug] [ThreadPool]: Creating schema "database: "language_db"
schema: "main"
"
[0m18:17:17.048717 [debug] [ThreadPool]: Using duckdb connection "create_language_db_main"
[0m18:17:17.048717 [debug] [ThreadPool]: On create_language_db_main: /* {"app": "dbt", "dbt_version": "1.11.10", "profile_name": "language_platform", "target_name": "dev", "connection_name": "create_language_db_main"} */

    
        select type from duckdb_databases()
        where lower(database_name)='language_db'
        and type='sqlite'
    
  
[0m18:17:17.049714 [debug] [ThreadPool]: Opening a new connection, currently in state closed
[0m18:17:17.050713 [debug] [ThreadPool]: SQL status: OK in 0.001 seconds
[0m18:17:17.052719 [debug] [ThreadPool]: Using duckdb connection "create_language_db_main"
[0m18:17:17.053721 [debug] [ThreadPool]: On create_language_db_main: BEGIN
[0m18:17:17.054718 [debug] [ThreadPool]: SQL status: OK in 0.000 seconds
[0m18:17:17.055719 [debug] [ThreadPool]: Using duckdb connection "create_language_db_main"
[0m18:17:17.055719 [debug] [ThreadPool]: On create_language_db_main: /* {"app": "dbt", "dbt_version": "1.11.10", "profile_name": "language_platform", "target_name": "dev", "connection_name": "create_language_db_main"} */

    
    
        create schema if not exists "language_db"."main"
    
[0m18:17:17.056714 [debug] [ThreadPool]: SQL status: OK in 0.000 seconds
[0m18:17:17.057716 [debug] [ThreadPool]: On create_language_db_main: COMMIT
[0m18:17:17.058715 [debug] [ThreadPool]: Using duckdb connection "create_language_db_main"
[0m18:17:17.059716 [debug] [ThreadPool]: On create_language_db_main: COMMIT
[0m18:17:17.060720 [debug] [ThreadPool]: SQL status: OK in 0.000 seconds
[0m18:17:17.061715 [debug] [ThreadPool]: On create_language_db_main: Close
[0m18:17:17.063718 [debug] [ThreadPool]: Acquiring new duckdb connection 'list_language_db_main'
[0m18:17:17.070873 [debug] [ThreadPool]: Using duckdb connection "list_language_db_main"
[0m18:17:17.071941 [debug] [ThreadPool]: On list_language_db_main: BEGIN
[0m18:17:17.072475 [debug] [ThreadPool]: Opening a new connection, currently in state init
[0m18:17:17.073665 [debug] [ThreadPool]: SQL status: OK in 0.001 seconds
[0m18:17:17.074747 [debug] [ThreadPool]: Using duckdb connection "list_language_db_main"
[0m18:17:17.075819 [debug] [ThreadPool]: On list_language_db_main: /* {"app": "dbt", "dbt_version": "1.11.10", "profile_name": "language_platform", "target_name": "dev", "connection_name": "list_language_db_main"} */
select
      'language_db' as database,
      table_name as name,
      table_schema as schema,
      CASE table_type
        WHEN 'BASE TABLE' THEN 'table'
        WHEN 'VIEW' THEN 'view'
        WHEN 'LOCAL TEMPORARY' THEN 'table'
        END as type
    from system.information_schema.tables
    where lower(table_schema) = 'main'
    and lower(table_catalog) = 'language_db'
  
[0m18:17:17.080365 [debug] [ThreadPool]: SQL status: OK in 0.004 seconds
[0m18:17:17.082365 [debug] [ThreadPool]: On list_language_db_main: ROLLBACK
[0m18:17:17.083364 [debug] [ThreadPool]: Failed to rollback 'list_language_db_main'
[0m18:17:17.084359 [debug] [ThreadPool]: On list_language_db_main: Close
[0m18:17:17.085359 [debug] [MainThread]: Sending event: {'category': 'dbt', 'action': 'runnable_timing', 'label': '3d4b82de-884e-4da8-9784-0b1b8c7ac9b1', 'context': [<snowplow_tracker.self_describing_json.SelfDescribingJson object at 0x00000289A359C5D0>]}
[0m18:17:17.086358 [debug] [MainThread]: Using duckdb connection "master"
[0m18:17:17.086358 [debug] [MainThread]: On master: BEGIN
[0m18:17:17.087363 [debug] [MainThread]: Opening a new connection, currently in state init
[0m18:17:17.088363 [debug] [MainThread]: SQL status: OK in 0.001 seconds
[0m18:17:17.089362 [debug] [MainThread]: On master: COMMIT
[0m18:17:17.089362 [debug] [MainThread]: Using duckdb connection "master"
[0m18:17:17.090359 [debug] [MainThread]: On master: COMMIT
[0m18:17:17.090359 [debug] [MainThread]: SQL status: OK in 0.000 seconds
[0m18:17:17.091358 [debug] [MainThread]: On master: Close
[0m18:17:17.096359 [debug] [Thread-1 (]: Began running node model.language_platform.language_viz
[0m18:17:17.097358 [info ] [Thread-1 (]: 1 of 3 START sql table model main.language_viz ................................. [RUN]
[0m18:17:17.098370 [debug] [Thread-1 (]: Acquiring new duckdb connection 'model.language_platform.language_viz'
[0m18:17:17.098370 [debug] [Thread-1 (]: Began compiling node model.language_platform.language_viz
[0m18:17:17.106378 [debug] [Thread-1 (]: Writing injected SQL for node "model.language_platform.language_viz"
[0m18:17:17.110378 [debug] [Thread-1 (]: Began executing node model.language_platform.language_viz
[0m18:17:17.148321 [debug] [Thread-1 (]: Writing runtime sql for node "model.language_platform.language_viz"
[0m18:17:17.150662 [debug] [Thread-1 (]: Using duckdb connection "model.language_platform.language_viz"
[0m18:17:17.150662 [debug] [Thread-1 (]: On model.language_platform.language_viz: BEGIN
[0m18:17:17.151674 [debug] [Thread-1 (]: Opening a new connection, currently in state init
[0m18:17:17.152675 [debug] [Thread-1 (]: SQL status: OK in 0.001 seconds
[0m18:17:17.153673 [debug] [Thread-1 (]: Using duckdb connection "model.language_platform.language_viz"
[0m18:17:17.153673 [debug] [Thread-1 (]: On model.language_platform.language_viz: /* {"app": "dbt", "dbt_version": "1.11.10", "profile_name": "language_platform", "target_name": "dev", "node_id": "model.language_platform.language_viz"} */

  
    
    

    create  table
      "language_db"."main"."language_viz__dbt_tmp"
  
    as (
      

select 
    language,
    count(user_id) as total_students,
    avg(score) as average_score
from "language_db"."main"."progress"
where status = 'completed'
group by 1
    );
  
  
[0m18:17:17.158673 [debug] [Thread-1 (]: SQL status: OK in 0.004 seconds
[0m18:17:17.165674 [debug] [Thread-1 (]: Using duckdb connection "model.language_platform.language_viz"
[0m18:17:17.166675 [debug] [Thread-1 (]: On model.language_platform.language_viz: /* {"app": "dbt", "dbt_version": "1.11.10", "profile_name": "language_platform", "target_name": "dev", "node_id": "model.language_platform.language_viz"} */
alter table "language_db"."main"."language_viz__dbt_tmp" rename to "language_viz"
[0m18:17:17.167676 [debug] [Thread-1 (]: SQL status: OK in 0.000 seconds
[0m18:17:17.182674 [debug] [Thread-1 (]: On model.language_platform.language_viz: COMMIT
[0m18:17:17.182674 [debug] [Thread-1 (]: Using duckdb connection "model.language_platform.language_viz"
[0m18:17:17.183672 [debug] [Thread-1 (]: On model.language_platform.language_viz: COMMIT
[0m18:17:17.201159 [debug] [Thread-1 (]: SQL status: OK in 0.017 seconds
[0m18:17:17.207154 [debug] [Thread-1 (]: Using duckdb connection "model.language_platform.language_viz"
[0m18:17:17.208157 [debug] [Thread-1 (]: On model.language_platform.language_viz: /* {"app": "dbt", "dbt_version": "1.11.10", "profile_name": "language_platform", "target_name": "dev", "node_id": "model.language_platform.language_viz"} */

      drop table if exists "language_db"."main"."language_viz__dbt_backup" cascade
    
[0m18:17:17.209160 [debug] [Thread-1 (]: SQL status: OK in 0.000 seconds
[0m18:17:17.211515 [debug] [Thread-1 (]: On model.language_platform.language_viz: Close
[0m18:17:17.214027 [debug] [Thread-1 (]: Sending event: {'category': 'dbt', 'action': 'run_model', 'label': '3d4b82de-884e-4da8-9784-0b1b8c7ac9b1', 'context': [<snowplow_tracker.self_describing_json.SelfDescribingJson object at 0x00000289A663DE10>]}
[0m18:17:17.215039 [info ] [Thread-1 (]: 1 of 3 OK created sql table model main.language_viz ............................ [[32mOK[0m in 0.12s]
[0m18:17:17.217040 [debug] [Thread-1 (]: Finished running node model.language_platform.language_viz
[0m18:17:17.217040 [debug] [Thread-1 (]: Began running node model.language_platform.my_first_dbt_model
[0m18:17:17.218034 [info ] [Thread-1 (]: 2 of 3 START sql table model main.my_first_dbt_model ........................... [RUN]
[0m18:17:17.219034 [debug] [Thread-1 (]: Re-using an available connection from the pool (formerly model.language_platform.language_viz, now model.language_platform.my_first_dbt_model)
[0m18:17:17.220035 [debug] [Thread-1 (]: Began compiling node model.language_platform.my_first_dbt_model
[0m18:17:17.223033 [debug] [Thread-1 (]: Writing injected SQL for node "model.language_platform.my_first_dbt_model"
[0m18:17:17.225049 [debug] [Thread-1 (]: Began executing node model.language_platform.my_first_dbt_model
[0m18:17:17.229033 [debug] [Thread-1 (]: Writing runtime sql for node "model.language_platform.my_first_dbt_model"
[0m18:17:17.231043 [debug] [Thread-1 (]: Using duckdb connection "model.language_platform.my_first_dbt_model"
[0m18:17:17.231043 [debug] [Thread-1 (]: On model.language_platform.my_first_dbt_model: BEGIN
[0m18:17:17.232041 [debug] [Thread-1 (]: Opening a new connection, currently in state closed
[0m18:17:17.233037 [debug] [Thread-1 (]: SQL status: OK in 0.001 seconds
[0m18:17:17.234040 [debug] [Thread-1 (]: Using duckdb connection "model.language_platform.my_first_dbt_model"
[0m18:17:17.235039 [debug] [Thread-1 (]: On model.language_platform.my_first_dbt_model: /* {"app": "dbt", "dbt_version": "1.11.10", "profile_name": "language_platform", "target_name": "dev", "node_id": "model.language_platform.my_first_dbt_model"} */

  
    
    

    create  table
      "language_db"."main"."my_first_dbt_model__dbt_tmp"
  
    as (
      /*
    Welcome to your first dbt model!
    Did you know that you can also configure models directly within SQL files?
    This will override configurations stated in dbt_project.yml

    Try changing "table" to "view" below
*/



with source_data as (

    select 1 as id
    union all
    select null as id

)

select *
from source_data

/*
    Uncomment the line below to remove records with null `id` values
*/

-- where id is not null
    );
  
  
[0m18:17:17.237040 [debug] [Thread-1 (]: SQL status: OK in 0.001 seconds
[0m18:17:17.242035 [debug] [Thread-1 (]: Using duckdb connection "model.language_platform.my_first_dbt_model"
[0m18:17:17.243037 [debug] [Thread-1 (]: On model.language_platform.my_first_dbt_model: /* {"app": "dbt", "dbt_version": "1.11.10", "profile_name": "language_platform", "target_name": "dev", "node_id": "model.language_platform.my_first_dbt_model"} */
alter table "language_db"."main"."my_first_dbt_model__dbt_tmp" rename to "my_first_dbt_model"
[0m18:17:17.245037 [debug] [Thread-1 (]: SQL status: OK in 0.001 seconds
[0m18:17:17.246035 [debug] [Thread-1 (]: On model.language_platform.my_first_dbt_model: COMMIT
[0m18:17:17.247040 [debug] [Thread-1 (]: Using duckdb connection "model.language_platform.my_first_dbt_model"
[0m18:17:17.248036 [debug] [Thread-1 (]: On model.language_platform.my_first_dbt_model: COMMIT
[0m18:17:17.251041 [debug] [Thread-1 (]: SQL status: OK in 0.002 seconds
[0m18:17:17.254041 [debug] [Thread-1 (]: Using duckdb connection "model.language_platform.my_first_dbt_model"
[0m18:17:17.254041 [debug] [Thread-1 (]: On model.language_platform.my_first_dbt_model: /* {"app": "dbt", "dbt_version": "1.11.10", "profile_name": "language_platform", "target_name": "dev", "node_id": "model.language_platform.my_first_dbt_model"} */

      drop table if exists "language_db"."main"."my_first_dbt_model__dbt_backup" cascade
    
[0m18:17:17.256048 [debug] [Thread-1 (]: SQL status: OK in 0.000 seconds
[0m18:17:17.257064 [debug] [Thread-1 (]: On model.language_platform.my_first_dbt_model: Close
[0m18:17:17.258051 [debug] [Thread-1 (]: Sending event: {'category': 'dbt', 'action': 'run_model', 'label': '3d4b82de-884e-4da8-9784-0b1b8c7ac9b1', 'context': [<snowplow_tracker.self_describing_json.SelfDescribingJson object at 0x00000289A662E590>]}
[0m18:17:17.259066 [info ] [Thread-1 (]: 2 of 3 OK created sql table model main.my_first_dbt_model ...................... [[32mOK[0m in 0.04s]
[0m18:17:17.260049 [debug] [Thread-1 (]: Finished running node model.language_platform.my_first_dbt_model
[0m18:17:17.261051 [debug] [Thread-1 (]: Began running node model.language_platform.my_second_dbt_model
[0m18:17:17.262050 [info ] [Thread-1 (]: 3 of 3 START sql view model main.my_second_dbt_model ........................... [RUN]
[0m18:17:17.263045 [debug] [Thread-1 (]: Re-using an available connection from the pool (formerly model.language_platform.my_first_dbt_model, now model.language_platform.my_second_dbt_model)
[0m18:17:17.263045 [debug] [Thread-1 (]: Began compiling node model.language_platform.my_second_dbt_model
[0m18:17:17.266064 [debug] [Thread-1 (]: Writing injected SQL for node "model.language_platform.my_second_dbt_model"
[0m18:17:17.268066 [debug] [Thread-1 (]: Began executing node model.language_platform.my_second_dbt_model
[0m18:17:17.286603 [debug] [Thread-1 (]: Writing runtime sql for node "model.language_platform.my_second_dbt_model"
[0m18:17:17.289592 [debug] [Thread-1 (]: Using duckdb connection "model.language_platform.my_second_dbt_model"
[0m18:17:17.290605 [debug] [Thread-1 (]: On model.language_platform.my_second_dbt_model: BEGIN
[0m18:17:17.291606 [debug] [Thread-1 (]: Opening a new connection, currently in state closed
[0m18:17:17.292598 [debug] [Thread-1 (]: SQL status: OK in 0.001 seconds
[0m18:17:17.293603 [debug] [Thread-1 (]: Using duckdb connection "model.language_platform.my_second_dbt_model"
[0m18:17:17.293603 [debug] [Thread-1 (]: On model.language_platform.my_second_dbt_model: /* {"app": "dbt", "dbt_version": "1.11.10", "profile_name": "language_platform", "target_name": "dev", "node_id": "model.language_platform.my_second_dbt_model"} */

  
  create view "language_db"."main"."my_second_dbt_model__dbt_tmp" as (
    -- Use the `ref` function to select from other models

select *
from "language_db"."main"."my_first_dbt_model"
where id = 1
  );

[0m18:17:17.295594 [debug] [Thread-1 (]: SQL status: OK in 0.001 seconds
[0m18:17:17.300657 [debug] [Thread-1 (]: Using duckdb connection "model.language_platform.my_second_dbt_model"
[0m18:17:17.301657 [debug] [Thread-1 (]: On model.language_platform.my_second_dbt_model: /* {"app": "dbt", "dbt_version": "1.11.10", "profile_name": "language_platform", "target_name": "dev", "node_id": "model.language_platform.my_second_dbt_model"} */
alter view "language_db"."main"."my_second_dbt_model__dbt_tmp" rename to "my_second_dbt_model"
[0m18:17:17.302632 [debug] [Thread-1 (]: SQL status: OK in 0.001 seconds
[0m18:17:17.304642 [debug] [Thread-1 (]: On model.language_platform.my_second_dbt_model: COMMIT
[0m18:17:17.305640 [debug] [Thread-1 (]: Using duckdb connection "model.language_platform.my_second_dbt_model"
[0m18:17:17.305640 [debug] [Thread-1 (]: On model.language_platform.my_second_dbt_model: COMMIT
[0m18:17:17.307658 [debug] [Thread-1 (]: SQL status: OK in 0.001 seconds
[0m18:17:17.311643 [debug] [Thread-1 (]: Using duckdb connection "model.language_platform.my_second_dbt_model"
[0m18:17:17.311643 [debug] [Thread-1 (]: On model.language_platform.my_second_dbt_model: /* {"app": "dbt", "dbt_version": "1.11.10", "profile_name": "language_platform", "target_name": "dev", "node_id": "model.language_platform.my_second_dbt_model"} */

      drop view if exists "language_db"."main"."my_second_dbt_model__dbt_backup" cascade
    
[0m18:17:17.312640 [debug] [Thread-1 (]: SQL status: OK in 0.000 seconds
[0m18:17:17.314176 [debug] [Thread-1 (]: On model.language_platform.my_second_dbt_model: Close
[0m18:17:17.315203 [debug] [Thread-1 (]: Sending event: {'category': 'dbt', 'action': 'run_model', 'label': '3d4b82de-884e-4da8-9784-0b1b8c7ac9b1', 'context': [<snowplow_tracker.self_describing_json.SelfDescribingJson object at 0x00000289A77A57D0>]}
[0m18:17:17.316195 [info ] [Thread-1 (]: 3 of 3 OK created sql view model main.my_second_dbt_model ...................... [[32mOK[0m in 0.05s]
[0m18:17:17.317203 [debug] [Thread-1 (]: Finished running node model.language_platform.my_second_dbt_model
[0m18:17:17.319201 [debug] [MainThread]: Using duckdb connection "master"
[0m18:17:17.319201 [debug] [MainThread]: On master: BEGIN
[0m18:17:17.320201 [debug] [MainThread]: Opening a new connection, currently in state closed
[0m18:17:17.320201 [debug] [MainThread]: SQL status: OK in 0.001 seconds
[0m18:17:17.321217 [debug] [MainThread]: On master: COMMIT
[0m18:17:17.321217 [debug] [MainThread]: Using duckdb connection "master"
[0m18:17:17.322217 [debug] [MainThread]: On master: COMMIT
[0m18:17:17.323194 [debug] [MainThread]: SQL status: OK in 0.000 seconds
[0m18:17:17.324203 [debug] [MainThread]: On master: Close
[0m18:17:17.325205 [debug] [MainThread]: Connection 'master' was properly closed.
[0m18:17:17.325205 [debug] [MainThread]: Connection 'create_language_db_main' was properly closed.
[0m18:17:17.326217 [debug] [MainThread]: Connection 'list_language_db_main' was properly closed.
[0m18:17:17.327204 [debug] [MainThread]: Connection 'model.language_platform.my_second_dbt_model' was properly closed.
[0m18:17:17.328194 [info ] [MainThread]: 
[0m18:17:17.329195 [info ] [MainThread]: Finished running 2 table models, 1 view model in 0 hours 0 minutes and 0.41 seconds (0.41s).
[0m18:17:17.331201 [debug] [MainThread]: Command end result
[0m18:17:17.367831 [debug] [MainThread]: Wrote artifact WritableManifest to C:\Users\kartu\Downloads\MGIMO_BigData-main\LAB2\language_platform\target\manifest.json
[0m18:17:17.370835 [debug] [MainThread]: Wrote artifact SemanticManifest to C:\Users\kartu\Downloads\MGIMO_BigData-main\LAB2\language_platform\target\semantic_manifest.json
[0m18:17:17.376831 [debug] [MainThread]: Wrote artifact RunExecutionResult to C:\Users\kartu\Downloads\MGIMO_BigData-main\LAB2\language_platform\target\run_results.json
[0m18:17:17.377847 [info ] [MainThread]: 
[0m18:17:17.378828 [info ] [MainThread]: [32mCompleted successfully[0m
[0m18:17:17.378828 [info ] [MainThread]: 
[0m18:17:17.379833 [info ] [MainThread]: Done. PASS=3 WARN=0 ERROR=0 SKIP=0 NO-OP=0 TOTAL=3
[0m18:17:17.380836 [debug] [MainThread]: Command `dbt run` succeeded at 18:17:17.380836 after 1.75 seconds
[0m18:17:17.381832 [debug] [MainThread]: Sending event: {'category': 'dbt', 'action': 'invocation', 'label': 'end', 'context': [<snowplow_tracker.self_describing_json.SelfDescribingJson object at 0x000002899DD0A110>, <snowplow_tracker.self_describing_json.SelfDescribingJson object at 0x000002899DD09FD0>, <snowplow_tracker.self_describing_json.SelfDescribingJson object at 0x000002899E00D090>]}
[0m18:17:17.381832 [debug] [MainThread]: Flushing usage events
[0m18:17:17.999161 [debug] [MainThread]: An error was encountered while trying to flush usage events
[0m18:17:32.932783 [debug] [MainThread]: Sending event: {'category': 'dbt', 'action': 'invocation', 'label': 'start', 'context': [<snowplow_tracker.self_describing_json.SelfDescribingJson object at 0x000001AE7CDE1AD0>, <snowplow_tracker.self_describing_json.SelfDescribingJson object at 0x000001AE7CDE1950>, <snowplow_tracker.self_describing_json.SelfDescribingJson object at 0x000001AE7CDE3AD0>]}


============================== 18:17:32.937766 | 0db38a5b-554d-4fd6-8497-f8e7d78ae779 ==============================
[0m18:17:32.937766 [info ] [MainThread]: Running with dbt=1.11.10
[0m18:17:32.939774 [debug] [MainThread]: running dbt with arguments {'version_check': 'True', 'no_print': 'None', 'static_parser': 'True', 'target_path': 'None', 'warn_error_options': 'WarnErrorOptionsV2(error=[], warn=[], silence=[])', 'printer_width': '80', 'write_json': 'True', 'empty': 'None', 'log_cache_events': 'False', 'introspect': 'True', 'cache_selected_only': 'False', 'log_format': 'default', 'debug': 'False', 'fail_fast': 'False', 'partial_parse': 'True', 'send_anonymous_usage_stats': 'True', 'quiet': 'False', 'warn_error': 'None', 'profiles_dir': 'C:\\Users\\kartu\\.dbt', 'invocation_command': 'dbt docs generate', 'use_colors': 'True', 'indirect_selection': 'eager', 'use_experimental_parser': 'False', 'log_path': 'C:\\Users\\kartu\\Downloads\\MGIMO_BigData-main\\LAB2\\language_platform\\logs'}
[0m18:17:33.192487 [debug] [MainThread]: Sending event: {'category': 'dbt', 'action': 'project_id', 'label': '0db38a5b-554d-4fd6-8497-f8e7d78ae779', 'context': [<snowplow_tracker.self_describing_json.SelfDescribingJson object at 0x000001AE7DEF01D0>]}
[0m18:17:33.276037 [debug] [MainThread]: Sending event: {'category': 'dbt', 'action': 'adapter_info', 'label': '0db38a5b-554d-4fd6-8497-f8e7d78ae779', 'context': [<snowplow_tracker.self_describing_json.SelfDescribingJson object at 0x000001AE7954E2D0>]}
[0m18:17:33.281044 [info ] [MainThread]: Registered adapter: duckdb=1.10.1
[0m18:17:33.764831 [debug] [MainThread]: checksum: 2f247960199844e016e6a527f21364251736722c6212f4b11e96849fe0fc9e96, vars: {}, profile: , target: , version: 1.11.10
[0m18:17:34.040009 [debug] [MainThread]: Partial parsing enabled: 0 files deleted, 0 files added, 0 files changed.
[0m18:17:34.041005 [debug] [MainThread]: Nothing changed, skipping partial parsing.
[0m18:17:34.042007 [debug] [MainThread]: Partial parsing enabled, no changes found, skipping parsing
[0m18:17:34.128662 [debug] [MainThread]: Sending event: {'category': 'dbt', 'action': 'load_project', 'label': '0db38a5b-554d-4fd6-8497-f8e7d78ae779', 'context': [<snowplow_tracker.self_describing_json.SelfDescribingJson object at 0x000001AE7E465E50>]}
[0m18:17:34.157186 [debug] [MainThread]: Sending event: {'category': 'dbt', 'action': 'resource_counts', 'label': '0db38a5b-554d-4fd6-8497-f8e7d78ae779', 'context': [<snowplow_tracker.self_describing_json.SelfDescribingJson object at 0x000001AE7E4800D0>]}
[0m18:17:34.158184 [info ] [MainThread]: Found 3 models, 1 seed, 4 data tests, 477 macros
[0m18:17:34.159181 [debug] [MainThread]: Sending event: {'category': 'dbt', 'action': 'runnable_timing', 'label': '0db38a5b-554d-4fd6-8497-f8e7d78ae779', 'context': [<snowplow_tracker.self_describing_json.SelfDescribingJson object at 0x000001AE7E42E250>]}
[0m18:17:34.162183 [info ] [MainThread]: 
[0m18:17:34.164200 [info ] [MainThread]: Concurrency: 1 threads (target='dev')
[0m18:17:34.165190 [info ] [MainThread]: 
[0m18:17:34.166183 [debug] [MainThread]: Acquiring new duckdb connection 'master'
[0m18:17:34.176183 [debug] [ThreadPool]: Acquiring new duckdb connection 'list_language_db_main'
[0m18:17:34.402722 [debug] [ThreadPool]: Using duckdb connection "list_language_db_main"
[0m18:17:34.403730 [debug] [ThreadPool]: On list_language_db_main: BEGIN
[0m18:17:34.404727 [debug] [ThreadPool]: Opening a new connection, currently in state init
[0m18:17:34.442340 [debug] [ThreadPool]: SQL status: OK in 0.037 seconds
[0m18:17:34.443354 [debug] [ThreadPool]: Using duckdb connection "list_language_db_main"
[0m18:17:34.444344 [debug] [ThreadPool]: On list_language_db_main: /* {"app": "dbt", "dbt_version": "1.11.10", "profile_name": "language_platform", "target_name": "dev", "connection_name": "list_language_db_main"} */
select
      'language_db' as database,
      table_name as name,
      table_schema as schema,
      CASE table_type
        WHEN 'BASE TABLE' THEN 'table'
        WHEN 'VIEW' THEN 'view'
        WHEN 'LOCAL TEMPORARY' THEN 'table'
        END as type
    from system.information_schema.tables
    where lower(table_schema) = 'main'
    and lower(table_catalog) = 'language_db'
  
[0m18:17:34.452906 [debug] [ThreadPool]: SQL status: OK in 0.007 seconds
[0m18:17:34.455576 [debug] [ThreadPool]: On list_language_db_main: ROLLBACK
[0m18:17:34.457576 [debug] [ThreadPool]: Failed to rollback 'list_language_db_main'
[0m18:17:34.458574 [debug] [ThreadPool]: On list_language_db_main: Close
[0m18:17:34.460568 [debug] [MainThread]: Sending event: {'category': 'dbt', 'action': 'runnable_timing', 'label': '0db38a5b-554d-4fd6-8497-f8e7d78ae779', 'context': [<snowplow_tracker.self_describing_json.SelfDescribingJson object at 0x000001AE7E480A50>]}
[0m18:17:34.466570 [debug] [Thread-1 (]: Began running node model.language_platform.my_first_dbt_model
[0m18:17:34.468151 [debug] [Thread-1 (]: Acquiring new duckdb connection 'model.language_platform.my_first_dbt_model'
[0m18:17:34.470170 [debug] [Thread-1 (]: Began compiling node model.language_platform.my_first_dbt_model
[0m18:17:34.482171 [debug] [Thread-1 (]: Writing injected SQL for node "model.language_platform.my_first_dbt_model"
[0m18:17:34.484189 [debug] [Thread-1 (]: Began executing node model.language_platform.my_first_dbt_model
[0m18:17:34.485814 [debug] [Thread-1 (]: Finished running node model.language_platform.my_first_dbt_model
[0m18:17:34.486868 [debug] [Thread-1 (]: Began running node seed.language_platform.progress
[0m18:17:34.488446 [debug] [Thread-1 (]: Re-using an available connection from the pool (formerly model.language_platform.my_first_dbt_model, now seed.language_platform.progress)
[0m18:17:34.489541 [debug] [Thread-1 (]: Began compiling node seed.language_platform.progress
[0m18:17:34.494318 [debug] [Thread-1 (]: Began executing node seed.language_platform.progress
[0m18:17:34.495839 [debug] [Thread-1 (]: Finished running node seed.language_platform.progress
[0m18:17:34.496845 [debug] [Thread-1 (]: Began running node model.language_platform.my_second_dbt_model
[0m18:17:34.497842 [debug] [Thread-1 (]: Re-using an available connection from the pool (formerly seed.language_platform.progress, now model.language_platform.my_second_dbt_model)
[0m18:17:34.498838 [debug] [Thread-1 (]: Began compiling node model.language_platform.my_second_dbt_model
[0m18:17:34.503840 [debug] [Thread-1 (]: Writing injected SQL for node "model.language_platform.my_second_dbt_model"
[0m18:17:34.505842 [debug] [Thread-1 (]: Began executing node model.language_platform.my_second_dbt_model
[0m18:17:34.506838 [debug] [Thread-1 (]: Finished running node model.language_platform.my_second_dbt_model
[0m18:17:34.507841 [debug] [Thread-1 (]: Began running node test.language_platform.not_null_my_first_dbt_model_id.5fb22c2710
[0m18:17:34.508840 [debug] [Thread-1 (]: Re-using an available connection from the pool (formerly model.language_platform.my_second_dbt_model, now test.language_platform.not_null_my_first_dbt_model_id.5fb22c2710)
[0m18:17:34.509841 [debug] [Thread-1 (]: Began compiling node test.language_platform.not_null_my_first_dbt_model_id.5fb22c2710
[0m18:17:34.532369 [debug] [Thread-1 (]: Writing injected SQL for node "test.language_platform.not_null_my_first_dbt_model_id.5fb22c2710"
[0m18:17:34.535385 [debug] [Thread-1 (]: Began executing node test.language_platform.not_null_my_first_dbt_model_id.5fb22c2710
[0m18:17:34.537382 [debug] [Thread-1 (]: Finished running node test.language_platform.not_null_my_first_dbt_model_id.5fb22c2710
[0m18:17:34.538386 [debug] [Thread-1 (]: Began running node test.language_platform.unique_my_first_dbt_model_id.16e066b321
[0m18:17:34.539380 [debug] [Thread-1 (]: Re-using an available connection from the pool (formerly test.language_platform.not_null_my_first_dbt_model_id.5fb22c2710, now test.language_platform.unique_my_first_dbt_model_id.16e066b321)
[0m18:17:34.540376 [debug] [Thread-1 (]: Began compiling node test.language_platform.unique_my_first_dbt_model_id.16e066b321
[0m18:17:34.549376 [debug] [Thread-1 (]: Writing injected SQL for node "test.language_platform.unique_my_first_dbt_model_id.16e066b321"
[0m18:17:34.551381 [debug] [Thread-1 (]: Began executing node test.language_platform.unique_my_first_dbt_model_id.16e066b321
[0m18:17:34.553380 [debug] [Thread-1 (]: Finished running node test.language_platform.unique_my_first_dbt_model_id.16e066b321
[0m18:17:34.554382 [debug] [Thread-1 (]: Began running node model.language_platform.language_viz
[0m18:17:34.555379 [debug] [Thread-1 (]: Re-using an available connection from the pool (formerly test.language_platform.unique_my_first_dbt_model_id.16e066b321, now model.language_platform.language_viz)
[0m18:17:34.556378 [debug] [Thread-1 (]: Began compiling node model.language_platform.language_viz
[0m18:17:34.564390 [debug] [Thread-1 (]: Writing injected SQL for node "model.language_platform.language_viz"
[0m18:17:34.566827 [debug] [Thread-1 (]: Began executing node model.language_platform.language_viz
[0m18:17:34.569108 [debug] [Thread-1 (]: Finished running node model.language_platform.language_viz
[0m18:17:34.570174 [debug] [Thread-1 (]: Began running node test.language_platform.not_null_my_second_dbt_model_id.151b76d778
[0m18:17:34.571277 [debug] [Thread-1 (]: Re-using an available connection from the pool (formerly model.language_platform.language_viz, now test.language_platform.not_null_my_second_dbt_model_id.151b76d778)
[0m18:17:34.572941 [debug] [Thread-1 (]: Began compiling node test.language_platform.not_null_my_second_dbt_model_id.151b76d778
[0m18:17:34.580615 [debug] [Thread-1 (]: Writing injected SQL for node "test.language_platform.not_null_my_second_dbt_model_id.151b76d778"
[0m18:17:34.595356 [debug] [Thread-1 (]: Began executing node test.language_platform.not_null_my_second_dbt_model_id.151b76d778
[0m18:17:34.597368 [debug] [Thread-1 (]: Finished running node test.language_platform.not_null_my_second_dbt_model_id.151b76d778
[0m18:17:34.598356 [debug] [Thread-1 (]: Began running node test.language_platform.unique_my_second_dbt_model_id.57a0f8c493
[0m18:17:34.599357 [debug] [Thread-1 (]: Re-using an available connection from the pool (formerly test.language_platform.not_null_my_second_dbt_model_id.151b76d778, now test.language_platform.unique_my_second_dbt_model_id.57a0f8c493)
[0m18:17:34.601363 [debug] [Thread-1 (]: Began compiling node test.language_platform.unique_my_second_dbt_model_id.57a0f8c493
[0m18:17:34.608355 [debug] [Thread-1 (]: Writing injected SQL for node "test.language_platform.unique_my_second_dbt_model_id.57a0f8c493"
[0m18:17:34.610353 [debug] [Thread-1 (]: Began executing node test.language_platform.unique_my_second_dbt_model_id.57a0f8c493
[0m18:17:34.611372 [debug] [Thread-1 (]: Finished running node test.language_platform.unique_my_second_dbt_model_id.57a0f8c493
[0m18:17:34.613370 [debug] [MainThread]: Connection 'master' was properly closed.
[0m18:17:34.614355 [debug] [MainThread]: Connection 'list_language_db_main' was properly closed.
[0m18:17:34.615359 [debug] [MainThread]: Connection 'test.language_platform.unique_my_second_dbt_model_id.57a0f8c493' was properly closed.
[0m18:17:34.617357 [debug] [MainThread]: Command end result
[0m18:17:34.764461 [debug] [MainThread]: Wrote artifact WritableManifest to C:\Users\kartu\Downloads\MGIMO_BigData-main\LAB2\language_platform\target\manifest.json
[0m18:17:34.769463 [debug] [MainThread]: Wrote artifact SemanticManifest to C:\Users\kartu\Downloads\MGIMO_BigData-main\LAB2\language_platform\target\semantic_manifest.json
[0m18:17:34.782448 [debug] [MainThread]: Wrote artifact RunExecutionResult to C:\Users\kartu\Downloads\MGIMO_BigData-main\LAB2\language_platform\target\run_results.json
[0m18:17:35.005569 [debug] [MainThread]: Acquiring new duckdb connection 'generate_catalog'
[0m18:17:35.006560 [info ] [MainThread]: Building catalog
[0m18:17:35.018600 [debug] [ThreadPool]: Acquiring new duckdb connection 'language_db.information_schema'
[0m18:17:35.025596 [debug] [ThreadPool]: Using duckdb connection "language_db.information_schema"
[0m18:17:35.026589 [debug] [ThreadPool]: On language_db.information_schema: BEGIN
[0m18:17:35.027591 [debug] [ThreadPool]: Opening a new connection, currently in state init
[0m18:17:35.029600 [debug] [ThreadPool]: SQL status: OK in 0.002 seconds
[0m18:17:35.030584 [debug] [ThreadPool]: Using duckdb connection "language_db.information_schema"
[0m18:17:35.032598 [debug] [ThreadPool]: On language_db.information_schema: /* {"app": "dbt", "dbt_version": "1.11.10", "profile_name": "language_platform", "target_name": "dev", "connection_name": "language_db.information_schema"} */
with relations AS (
      select
        t.table_name
        , t.database_name
        , t.schema_name
        , 'BASE TABLE' as table_type
        , t.comment as table_comment
      from duckdb_tables() t
      WHERE t.database_name = 'language_db'
      UNION ALL
      SELECT v.view_name as table_name
      , v.database_name
      , v.schema_name
      , 'VIEW' as table_type
      , v.comment as table_comment
      from duckdb_views() v
      WHERE v.database_name = 'language_db'
    )
    select
        'language_db' as table_database,
        r.schema_name as table_schema,
        r.table_name,
        r.table_type,
        r.table_comment,
        c.column_name,
        c.column_index as column_index,
        c.data_type as column_type,
        c.comment as column_comment,
        NULL as table_owner
    FROM relations r JOIN duckdb_columns() c ON r.schema_name = c.schema_name AND r.table_name = c.table_name
    WHERE (upper(r.schema_name) = upper('main'))
    ORDER BY
        r.schema_name,
        r.table_name,
        c.column_index
[0m18:17:35.062660 [debug] [ThreadPool]: SQL status: OK in 0.029 seconds
[0m18:17:35.066655 [debug] [ThreadPool]: On language_db.information_schema: ROLLBACK
[0m18:17:35.067654 [debug] [ThreadPool]: Failed to rollback 'language_db.information_schema'
[0m18:17:35.067654 [debug] [ThreadPool]: On language_db.information_schema: Close
[0m18:17:35.084648 [debug] [MainThread]: Wrote artifact CatalogArtifact to C:\Users\kartu\Downloads\MGIMO_BigData-main\LAB2\language_platform\target\catalog.json
[0m18:17:35.138731 [debug] [MainThread]: Wrote artifact WritableManifest to C:\Users\kartu\Downloads\MGIMO_BigData-main\LAB2\language_platform\target\manifest.json
[0m18:17:35.142737 [debug] [MainThread]: Wrote artifact SemanticManifest to C:\Users\kartu\Downloads\MGIMO_BigData-main\LAB2\language_platform\target\semantic_manifest.json
[0m18:17:35.143738 [info ] [MainThread]: Catalog written to C:\Users\kartu\Downloads\MGIMO_BigData-main\LAB2\language_platform\target\catalog.json
[0m18:17:35.145732 [debug] [MainThread]: Command `dbt docs generate` succeeded at 18:17:35.145732 after 2.31 seconds
[0m18:17:35.146730 [debug] [MainThread]: Connection 'generate_catalog' was properly closed.
[0m18:17:35.146730 [debug] [MainThread]: Connection 'language_db.information_schema' was properly closed.
[0m18:17:35.147734 [debug] [MainThread]: Sending event: {'category': 'dbt', 'action': 'invocation', 'label': 'end', 'context': [<snowplow_tracker.self_describing_json.SelfDescribingJson object at 0x000001AE7605A450>, <snowplow_tracker.self_describing_json.SelfDescribingJson object at 0x000001AE7605A090>, <snowplow_tracker.self_describing_json.SelfDescribingJson object at 0x000001AE7DDD9E10>]}
[0m18:17:35.148731 [debug] [MainThread]: Flushing usage events
[0m18:17:35.781020 [debug] [MainThread]: An error was encountered while trying to flush usage events
[0m18:17:38.890178 [debug] [MainThread]: Sending event: {'category': 'dbt', 'action': 'invocation', 'label': 'start', 'context': [<snowplow_tracker.self_describing_json.SelfDescribingJson object at 0x000001D58ECD7F50>, <snowplow_tracker.self_describing_json.SelfDescribingJson object at 0x000001D58EA88D50>, <snowplow_tracker.self_describing_json.SelfDescribingJson object at 0x000001D58FCCADD0>]}


============================== 18:17:38.895160 | eae0e567-62bf-4acc-a13e-2c5bc263a72f ==============================
[0m18:17:38.895160 [info ] [MainThread]: Running with dbt=1.11.10
[0m18:17:38.896178 [debug] [MainThread]: running dbt with arguments {'version_check': 'True', 'no_print': 'None', 'static_parser': 'True', 'warn_error_options': 'WarnErrorOptionsV2(error=[], warn=[], silence=[])', 'target_path': 'None', 'printer_width': '80', 'write_json': 'True', 'introspect': 'True', 'log_cache_events': 'False', 'empty': 'None', 'cache_selected_only': 'False', 'fail_fast': 'False', 'debug': 'False', 'log_format': 'default', 'profiles_dir': 'C:\\Users\\kartu\\.dbt', 'send_anonymous_usage_stats': 'True', 'quiet': 'False', 'warn_error': 'None', 'partial_parse': 'True', 'indirect_selection': 'eager', 'invocation_command': 'dbt docs serve', 'use_colors': 'True', 'use_experimental_parser': 'False', 'log_path': 'C:\\Users\\kartu\\Downloads\\MGIMO_BigData-main\\LAB2\\language_platform\\logs'}
[0m18:17:39.157681 [debug] [MainThread]: Sending event: {'category': 'dbt', 'action': 'project_id', 'label': 'eae0e567-62bf-4acc-a13e-2c5bc263a72f', 'context': [<snowplow_tracker.self_describing_json.SelfDescribingJson object at 0x000001D58FD47710>]}
[0m18:17:39.237451 [debug] [MainThread]: Sending event: {'category': 'dbt', 'action': 'adapter_info', 'label': 'eae0e567-62bf-4acc-a13e-2c5bc263a72f', 'context': [<snowplow_tracker.self_describing_json.SelfDescribingJson object at 0x000001D58B43E290>]}
[0m18:23:55.910082 [error] [MainThread]: Encountered an error:

[0m18:23:55.943098 [error] [MainThread]: Traceback (most recent call last):
  File "C:\Users\kartu\Downloads\MGIMO_BigData-main\LAB2\.venv\Lib\site-packages\dbt\cli\requires.py", line 182, in wrapper
    result, success = func(*args, **kwargs)
                      ^^^^^^^^^^^^^^^^^^^^^
  File "C:\Users\kartu\Downloads\MGIMO_BigData-main\LAB2\.venv\Lib\site-packages\dbt\cli\requires.py", line 128, in wrapper
    return func(*args, **kwargs)
           ^^^^^^^^^^^^^^^^^^^^^
  File "C:\Users\kartu\Downloads\MGIMO_BigData-main\LAB2\.venv\Lib\site-packages\dbt\cli\requires.py", line 276, in wrapper
    return func(*args, **kwargs)
           ^^^^^^^^^^^^^^^^^^^^^
  File "C:\Users\kartu\Downloads\MGIMO_BigData-main\LAB2\.venv\Lib\site-packages\dbt\cli\requires.py", line 321, in wrapper
    return func(*args, **kwargs)
           ^^^^^^^^^^^^^^^^^^^^^
  File "C:\Users\kartu\Downloads\MGIMO_BigData-main\LAB2\.venv\Lib\site-packages\dbt\cli\requires.py", line 368, in wrapper
    return func(*args, **kwargs)
           ^^^^^^^^^^^^^^^^^^^^^
  File "C:\Users\kartu\Downloads\MGIMO_BigData-main\LAB2\.venv\Lib\site-packages\dbt\cli\main.py", line 309, in docs_serve
    results = task.run()
              ^^^^^^^^^^
  File "C:\Users\kartu\Downloads\MGIMO_BigData-main\LAB2\.venv\Lib\site-packages\dbt\task\docs\serve.py", line 29, in run
    httpd.serve_forever()
  File "C:\Users\kartu\AppData\Local\Programs\Python\Python311\Lib\socketserver.py", line 233, in serve_forever
    ready = selector.select(poll_interval)
            ^^^^^^^^^^^^^^^^^^^^^^^^^^^^^^
  File "C:\Users\kartu\AppData\Local\Programs\Python\Python311\Lib\selectors.py", line 323, in select
    r, w, _ = self._select(self._readers, self._writers, [], timeout)
              ^^^^^^^^^^^^^^^^^^^^^^^^^^^^^^^^^^^^^^^^^^^^^^^^^^^^^^^
  File "C:\Users\kartu\AppData\Local\Programs\Python\Python311\Lib\selectors.py", line 314, in _select
    r, w, x = select.select(r, w, w, timeout)
              ^^^^^^^^^^^^^^^^^^^^^^^^^^^^^^^
KeyboardInterrupt

[0m18:23:55.948111 [debug] [MainThread]: Command `dbt docs serve` failed at 18:23:55.948111 after 377.16 seconds
[0m18:23:55.949119 [debug] [MainThread]: Sending event: {'category': 'dbt', 'action': 'invocation', 'label': 'end', 'context': [<snowplow_tracker.self_describing_json.SelfDescribingJson object at 0x000001D58ECD7850>, <snowplow_tracker.self_describing_json.SelfDescribingJson object at 0x000001D58ECD5610>, <snowplow_tracker.self_describing_json.SelfDescribingJson object at 0x000001D58ECD7F50>]}
[0m18:23:55.950122 [debug] [MainThread]: Flushing usage events
[0m18:23:56.543926 [debug] [MainThread]: An error was encountered while trying to flush usage events
[0m18:24:00.909000 [debug] [MainThread]: Sending event: {'category': 'dbt', 'action': 'invocation', 'label': 'start', 'context': [<snowplow_tracker.self_describing_json.SelfDescribingJson object at 0x000001EE7A6D8690>, <snowplow_tracker.self_describing_json.SelfDescribingJson object at 0x000001EE7A9227D0>, <snowplow_tracker.self_describing_json.SelfDescribingJson object at 0x000001EE7A922BD0>]}


============================== 18:24:00.913999 | 5d41e860-b897-4c02-94b1-83f1b396879f ==============================
[0m18:24:00.913999 [info ] [MainThread]: Running with dbt=1.11.10
[0m18:24:00.915987 [debug] [MainThread]: running dbt with arguments {'version_check': 'True', 'no_print': 'None', 'static_parser': 'True', 'warn_error_options': 'WarnErrorOptionsV2(error=[], warn=[], silence=[])', 'target_path': 'None', 'printer_width': '80', 'write_json': 'True', 'empty': 'None', 'log_cache_events': 'False', 'introspect': 'True', 'cache_selected_only': 'False', 'log_format': 'default', 'debug': 'False', 'fail_fast': 'False', 'profiles_dir': 'C:\\Users\\kartu\\.dbt', 'send_anonymous_usage_stats': 'True', 'quiet': 'False', 'warn_error': 'None', 'partial_parse': 'True', 'indirect_selection': 'eager', 'use_colors': 'True', 'invocation_command': 'dbt seed', 'use_experimental_parser': 'False', 'log_path': 'C:\\Users\\kartu\\Downloads\\MGIMO_BigData-main\\LAB2\\language_platform\\logs'}
[0m18:24:01.150100 [debug] [MainThread]: Sending event: {'category': 'dbt', 'action': 'project_id', 'label': '5d41e860-b897-4c02-94b1-83f1b396879f', 'context': [<snowplow_tracker.self_describing_json.SelfDescribingJson object at 0x000001EE7BA24C10>]}
[0m18:24:01.206612 [debug] [MainThread]: Sending event: {'category': 'dbt', 'action': 'adapter_info', 'label': '5d41e860-b897-4c02-94b1-83f1b396879f', 'context': [<snowplow_tracker.self_describing_json.SelfDescribingJson object at 0x000001EE79911510>]}
[0m18:24:01.210614 [info ] [MainThread]: Registered adapter: duckdb=1.10.1
[0m18:24:01.499443 [debug] [MainThread]: checksum: 2f247960199844e016e6a527f21364251736722c6212f4b11e96849fe0fc9e96, vars: {}, profile: , target: , version: 1.11.10
[0m18:24:01.691311 [debug] [MainThread]: Partial parsing enabled: 0 files deleted, 4 files added, 1 files changed.
[0m18:24:01.692294 [debug] [MainThread]: Partial parsing: added file: language_platform://seeds\exercises.csv
[0m18:24:01.693310 [debug] [MainThread]: Partial parsing: added file: language_platform://seeds\users.csv
[0m18:24:01.693310 [debug] [MainThread]: Partial parsing: added file: language_platform://seeds\lessons.csv
[0m18:24:01.694311 [debug] [MainThread]: Partial parsing: added file: language_platform://seeds\languages.csv
[0m18:24:01.695298 [debug] [MainThread]: Partial parsing: updated file: language_platform://seeds\progress.csv
[0m18:24:01.974851 [debug] [MainThread]: Sending event: {'category': 'dbt', 'action': 'load_project', 'label': '5d41e860-b897-4c02-94b1-83f1b396879f', 'context': [<snowplow_tracker.self_describing_json.SelfDescribingJson object at 0x000001EE7BC545D0>]}
[0m18:24:02.064455 [debug] [MainThread]: Wrote artifact WritableManifest to C:\Users\kartu\Downloads\MGIMO_BigData-main\LAB2\language_platform\target\manifest.json
[0m18:24:02.067480 [debug] [MainThread]: Wrote artifact SemanticManifest to C:\Users\kartu\Downloads\MGIMO_BigData-main\LAB2\language_platform\target\semantic_manifest.json
[0m18:24:02.085499 [debug] [MainThread]: Sending event: {'category': 'dbt', 'action': 'resource_counts', 'label': '5d41e860-b897-4c02-94b1-83f1b396879f', 'context': [<snowplow_tracker.self_describing_json.SelfDescribingJson object at 0x000001EE7BC8C790>]}
[0m18:24:02.086468 [info ] [MainThread]: Found 3 models, 4 data tests, 5 seeds, 477 macros
[0m18:24:02.086468 [debug] [MainThread]: Sending event: {'category': 'dbt', 'action': 'runnable_timing', 'label': '5d41e860-b897-4c02-94b1-83f1b396879f', 'context': [<snowplow_tracker.self_describing_json.SelfDescribingJson object at 0x000001EE7BAC7D50>]}
[0m18:24:02.089817 [info ] [MainThread]: 
[0m18:24:02.091414 [info ] [MainThread]: Concurrency: 1 threads (target='dev')
[0m18:24:02.091952 [info ] [MainThread]: 
[0m18:24:02.093030 [debug] [MainThread]: Acquiring new duckdb connection 'master'
[0m18:24:02.098803 [debug] [ThreadPool]: Acquiring new duckdb connection 'list_language_db'
[0m18:24:02.178816 [debug] [ThreadPool]: Using duckdb connection "list_language_db"
[0m18:24:02.178816 [debug] [ThreadPool]: On list_language_db: /* {"app": "dbt", "dbt_version": "1.11.10", "profile_name": "language_platform", "target_name": "dev", "connection_name": "list_language_db"} */

    
    select schema_name
    from system.information_schema.schemata
    
    where lower(catalog_name) = '"language_db"'
    
  
  
[0m18:24:02.179818 [debug] [ThreadPool]: Opening a new connection, currently in state init
[0m18:24:02.197822 [debug] [ThreadPool]: SQL status: OK in 0.018 seconds
[0m18:24:02.198833 [debug] [ThreadPool]: On list_language_db: Close
[0m18:24:02.200816 [debug] [ThreadPool]: Re-using an available connection from the pool (formerly list_language_db, now create_language_db_main)
[0m18:24:02.200816 [debug] [ThreadPool]: Creating schema "database: "language_db"
schema: "main"
"
[0m18:24:02.207832 [debug] [ThreadPool]: Using duckdb connection "create_language_db_main"
[0m18:24:02.207832 [debug] [ThreadPool]: On create_language_db_main: /* {"app": "dbt", "dbt_version": "1.11.10", "profile_name": "language_platform", "target_name": "dev", "connection_name": "create_language_db_main"} */

    
        select type from duckdb_databases()
        where lower(database_name)='language_db'
        and type='sqlite'
    
  
[0m18:24:02.208832 [debug] [ThreadPool]: Opening a new connection, currently in state closed
[0m18:24:02.209833 [debug] [ThreadPool]: SQL status: OK in 0.001 seconds
[0m18:24:02.211833 [debug] [ThreadPool]: Using duckdb connection "create_language_db_main"
[0m18:24:02.211833 [debug] [ThreadPool]: On create_language_db_main: BEGIN
[0m18:24:02.212832 [debug] [ThreadPool]: SQL status: OK in 0.000 seconds
[0m18:24:02.213818 [debug] [ThreadPool]: Using duckdb connection "create_language_db_main"
[0m18:24:02.214816 [debug] [ThreadPool]: On create_language_db_main: /* {"app": "dbt", "dbt_version": "1.11.10", "profile_name": "language_platform", "target_name": "dev", "connection_name": "create_language_db_main"} */

    
    
        create schema if not exists "language_db"."main"
    
[0m18:24:02.215805 [debug] [ThreadPool]: SQL status: OK in 0.000 seconds
[0m18:24:02.216818 [debug] [ThreadPool]: On create_language_db_main: COMMIT
[0m18:24:02.217816 [debug] [ThreadPool]: Using duckdb connection "create_language_db_main"
[0m18:24:02.217816 [debug] [ThreadPool]: On create_language_db_main: COMMIT
[0m18:24:02.218807 [debug] [ThreadPool]: SQL status: OK in 0.000 seconds
[0m18:24:02.218807 [debug] [ThreadPool]: On create_language_db_main: Close
[0m18:24:02.220816 [debug] [ThreadPool]: Acquiring new duckdb connection 'list_language_db_main'
[0m18:24:02.226832 [debug] [ThreadPool]: Using duckdb connection "list_language_db_main"
[0m18:24:02.227817 [debug] [ThreadPool]: On list_language_db_main: BEGIN
[0m18:24:02.227817 [debug] [ThreadPool]: Opening a new connection, currently in state init
[0m18:24:02.229833 [debug] [ThreadPool]: SQL status: OK in 0.001 seconds
[0m18:24:02.229833 [debug] [ThreadPool]: Using duckdb connection "list_language_db_main"
[0m18:24:02.230818 [debug] [ThreadPool]: On list_language_db_main: /* {"app": "dbt", "dbt_version": "1.11.10", "profile_name": "language_platform", "target_name": "dev", "connection_name": "list_language_db_main"} */
select
      'language_db' as database,
      table_name as name,
      table_schema as schema,
      CASE table_type
        WHEN 'BASE TABLE' THEN 'table'
        WHEN 'VIEW' THEN 'view'
        WHEN 'LOCAL TEMPORARY' THEN 'table'
        END as type
    from system.information_schema.tables
    where lower(table_schema) = 'main'
    and lower(table_catalog) = 'language_db'
  
[0m18:24:02.234816 [debug] [ThreadPool]: SQL status: OK in 0.003 seconds
[0m18:24:02.236832 [debug] [ThreadPool]: On list_language_db_main: ROLLBACK
[0m18:24:02.237819 [debug] [ThreadPool]: Failed to rollback 'list_language_db_main'
[0m18:24:02.237819 [debug] [ThreadPool]: On list_language_db_main: Close
[0m18:24:02.239818 [debug] [MainThread]: Sending event: {'category': 'dbt', 'action': 'runnable_timing', 'label': '5d41e860-b897-4c02-94b1-83f1b396879f', 'context': [<snowplow_tracker.self_describing_json.SelfDescribingJson object at 0x000001EE767E3E90>]}
[0m18:24:02.240832 [debug] [MainThread]: Using duckdb connection "master"
[0m18:24:02.240832 [debug] [MainThread]: On master: BEGIN
[0m18:24:02.240832 [debug] [MainThread]: Opening a new connection, currently in state init
[0m18:24:02.241816 [debug] [MainThread]: SQL status: OK in 0.001 seconds
[0m18:24:02.242816 [debug] [MainThread]: On master: COMMIT
[0m18:24:02.242816 [debug] [MainThread]: Using duckdb connection "master"
[0m18:24:02.243807 [debug] [MainThread]: On master: COMMIT
[0m18:24:02.244816 [debug] [MainThread]: SQL status: OK in 0.000 seconds
[0m18:24:02.245834 [debug] [MainThread]: On master: Close
[0m18:24:02.249833 [debug] [Thread-1 (]: Began running node seed.language_platform.exercises
[0m18:24:02.250871 [info ] [Thread-1 (]: 1 of 5 START seed file main.exercises .......................................... [RUN]
[0m18:24:02.251871 [debug] [Thread-1 (]: Acquiring new duckdb connection 'seed.language_platform.exercises'
[0m18:24:02.252857 [debug] [Thread-1 (]: Began compiling node seed.language_platform.exercises
[0m18:24:02.252857 [debug] [Thread-1 (]: Began executing node seed.language_platform.exercises
[0m18:24:02.281409 [debug] [Thread-1 (]: Using duckdb connection "seed.language_platform.exercises"
[0m18:24:02.282393 [debug] [Thread-1 (]: On seed.language_platform.exercises: BEGIN
[0m18:24:02.282393 [debug] [Thread-1 (]: Opening a new connection, currently in state init
[0m18:24:02.283394 [debug] [Thread-1 (]: SQL status: OK in 0.001 seconds
[0m18:24:02.284393 [debug] [Thread-1 (]: Using duckdb connection "seed.language_platform.exercises"
[0m18:24:02.285393 [debug] [Thread-1 (]: On seed.language_platform.exercises: /* {"app": "dbt", "dbt_version": "1.11.10", "profile_name": "language_platform", "target_name": "dev", "node_id": "seed.language_platform.exercises"} */

    create table "language_db"."main"."exercises" ("ex_id" integer,"lesson_id" integer,"ex_type" text)
  
[0m18:24:02.286409 [debug] [Thread-1 (]: SQL status: OK in 0.001 seconds
[0m18:24:02.298289 [debug] [Thread-1 (]: Using duckdb connection "seed.language_platform.exercises"
[0m18:24:02.298829 [debug] [Thread-1 (]: On seed.language_platform.exercises: 
          COPY "language_db"."main"."exercises" FROM 'C:\Users\kartu\Downloads\MGIMO_BigData-main\LAB2\language_platform\seeds\exercises.csv' (FORMAT CSV, HEADER TRUE, DELIMITER ',')
        ...
[0m18:24:02.303108 [debug] [Thread-1 (]: SQL status: OK in 0.004 seconds
[0m18:24:02.309107 [debug] [Thread-1 (]: Writing runtime SQL for node "seed.language_platform.exercises"
[0m18:24:02.325107 [debug] [Thread-1 (]: On seed.language_platform.exercises: COMMIT
[0m18:24:02.326106 [debug] [Thread-1 (]: Using duckdb connection "seed.language_platform.exercises"
[0m18:24:02.326106 [debug] [Thread-1 (]: On seed.language_platform.exercises: COMMIT
[0m18:24:02.345462 [debug] [Thread-1 (]: SQL status: OK in 0.019 seconds
[0m18:24:02.348479 [debug] [Thread-1 (]: On seed.language_platform.exercises: Close
[0m18:24:02.350518 [debug] [Thread-1 (]: Sending event: {'category': 'dbt', 'action': 'run_model', 'label': '5d41e860-b897-4c02-94b1-83f1b396879f', 'context': [<snowplow_tracker.self_describing_json.SelfDescribingJson object at 0x000001EE7BF0DE50>]}
[0m18:24:02.351502 [info ] [Thread-1 (]: 1 of 5 OK loaded seed file main.exercises ...................................... [[32mINSERT 3[0m in 0.10s]
[0m18:24:02.353495 [debug] [Thread-1 (]: Finished running node seed.language_platform.exercises
[0m18:24:02.354486 [debug] [Thread-1 (]: Began running node seed.language_platform.languages
[0m18:24:02.355489 [info ] [Thread-1 (]: 2 of 5 START seed file main.languages .......................................... [RUN]
[0m18:24:02.356487 [debug] [Thread-1 (]: Re-using an available connection from the pool (formerly seed.language_platform.exercises, now seed.language_platform.languages)
[0m18:24:02.357491 [debug] [Thread-1 (]: Began compiling node seed.language_platform.languages
[0m18:24:02.358486 [debug] [Thread-1 (]: Began executing node seed.language_platform.languages
[0m18:24:02.363488 [debug] [Thread-1 (]: Using duckdb connection "seed.language_platform.languages"
[0m18:24:02.363488 [debug] [Thread-1 (]: On seed.language_platform.languages: BEGIN
[0m18:24:02.364995 [debug] [Thread-1 (]: Opening a new connection, currently in state closed
[0m18:24:02.364995 [debug] [Thread-1 (]: SQL status: OK in 0.001 seconds
[0m18:24:02.366003 [debug] [Thread-1 (]: Using duckdb connection "seed.language_platform.languages"
[0m18:24:02.367002 [debug] [Thread-1 (]: On seed.language_platform.languages: /* {"app": "dbt", "dbt_version": "1.11.10", "profile_name": "language_platform", "target_name": "dev", "node_id": "seed.language_platform.languages"} */

    create table "language_db"."main"."languages" ("lang_id" integer,"lang_name" text,"level" text)
  
[0m18:24:02.368001 [debug] [Thread-1 (]: SQL status: OK in 0.000 seconds
[0m18:24:02.369008 [debug] [Thread-1 (]: Using duckdb connection "seed.language_platform.languages"
[0m18:24:02.370003 [debug] [Thread-1 (]: On seed.language_platform.languages: 
          COPY "language_db"."main"."languages" FROM 'C:\Users\kartu\Downloads\MGIMO_BigData-main\LAB2\language_platform\seeds\languages.csv' (FORMAT CSV, HEADER TRUE, DELIMITER ',')
        ...
[0m18:24:02.373001 [debug] [Thread-1 (]: SQL status: OK in 0.002 seconds
[0m18:24:02.374005 [debug] [Thread-1 (]: Writing runtime SQL for node "seed.language_platform.languages"
[0m18:24:02.377008 [debug] [Thread-1 (]: On seed.language_platform.languages: COMMIT
[0m18:24:02.377008 [debug] [Thread-1 (]: Using duckdb connection "seed.language_platform.languages"
[0m18:24:02.378007 [debug] [Thread-1 (]: On seed.language_platform.languages: COMMIT
[0m18:24:02.382007 [debug] [Thread-1 (]: SQL status: OK in 0.003 seconds
[0m18:24:02.383003 [debug] [Thread-1 (]: On seed.language_platform.languages: Close
[0m18:24:02.384002 [debug] [Thread-1 (]: Sending event: {'category': 'dbt', 'action': 'run_model', 'label': '5d41e860-b897-4c02-94b1-83f1b396879f', 'context': [<snowplow_tracker.self_describing_json.SelfDescribingJson object at 0x000001EE7C553390>]}
[0m18:24:02.385008 [info ] [Thread-1 (]: 2 of 5 OK loaded seed file main.languages ...................................... [[32mINSERT 3[0m in 0.03s]
[0m18:24:02.387007 [debug] [Thread-1 (]: Finished running node seed.language_platform.languages
[0m18:24:02.388002 [debug] [Thread-1 (]: Began running node seed.language_platform.lessons
[0m18:24:02.389002 [info ] [Thread-1 (]: 3 of 5 START seed file main.lessons ............................................ [RUN]
[0m18:24:02.390001 [debug] [Thread-1 (]: Re-using an available connection from the pool (formerly seed.language_platform.languages, now seed.language_platform.lessons)
[0m18:24:02.390001 [debug] [Thread-1 (]: Began compiling node seed.language_platform.lessons
[0m18:24:02.391002 [debug] [Thread-1 (]: Began executing node seed.language_platform.lessons
[0m18:24:02.396002 [debug] [Thread-1 (]: Using duckdb connection "seed.language_platform.lessons"
[0m18:24:02.396002 [debug] [Thread-1 (]: On seed.language_platform.lessons: BEGIN
[0m18:24:02.397001 [debug] [Thread-1 (]: Opening a new connection, currently in state closed
[0m18:24:02.398002 [debug] [Thread-1 (]: SQL status: OK in 0.001 seconds
[0m18:24:02.399005 [debug] [Thread-1 (]: Using duckdb connection "seed.language_platform.lessons"
[0m18:24:02.399005 [debug] [Thread-1 (]: On seed.language_platform.lessons: /* {"app": "dbt", "dbt_version": "1.11.10", "profile_name": "language_platform", "target_name": "dev", "node_id": "seed.language_platform.lessons"} */

    create table "language_db"."main"."lessons" ("lesson_id" integer,"lang_id" integer,"lesson_title" text)
  
[0m18:24:02.401009 [debug] [Thread-1 (]: SQL status: OK in 0.001 seconds
[0m18:24:02.402004 [debug] [Thread-1 (]: Using duckdb connection "seed.language_platform.lessons"
[0m18:24:02.403001 [debug] [Thread-1 (]: On seed.language_platform.lessons: 
          COPY "language_db"."main"."lessons" FROM 'C:\Users\kartu\Downloads\MGIMO_BigData-main\LAB2\language_platform\seeds\lessons.csv' (FORMAT CSV, HEADER TRUE, DELIMITER ',')
        ...
[0m18:24:02.405004 [debug] [Thread-1 (]: SQL status: OK in 0.002 seconds
[0m18:24:02.406020 [debug] [Thread-1 (]: Writing runtime SQL for node "seed.language_platform.lessons"
[0m18:24:02.409005 [debug] [Thread-1 (]: On seed.language_platform.lessons: COMMIT
[0m18:24:02.410003 [debug] [Thread-1 (]: Using duckdb connection "seed.language_platform.lessons"
[0m18:24:02.410003 [debug] [Thread-1 (]: On seed.language_platform.lessons: COMMIT
[0m18:24:02.414006 [debug] [Thread-1 (]: SQL status: OK in 0.003 seconds
[0m18:24:02.415004 [debug] [Thread-1 (]: On seed.language_platform.lessons: Close
[0m18:24:02.416007 [debug] [Thread-1 (]: Sending event: {'category': 'dbt', 'action': 'run_model', 'label': '5d41e860-b897-4c02-94b1-83f1b396879f', 'context': [<snowplow_tracker.self_describing_json.SelfDescribingJson object at 0x000001EE767E2D10>]}
[0m18:24:02.417005 [info ] [Thread-1 (]: 3 of 5 OK loaded seed file main.lessons ........................................ [[32mINSERT 4[0m in 0.03s]
[0m18:24:02.418008 [debug] [Thread-1 (]: Finished running node seed.language_platform.lessons
[0m18:24:02.419007 [debug] [Thread-1 (]: Began running node seed.language_platform.progress
[0m18:24:02.420010 [info ] [Thread-1 (]: 4 of 5 START seed file main.progress ........................................... [RUN]
[0m18:24:02.421007 [debug] [Thread-1 (]: Re-using an available connection from the pool (formerly seed.language_platform.lessons, now seed.language_platform.progress)
[0m18:24:02.422007 [debug] [Thread-1 (]: Began compiling node seed.language_platform.progress
[0m18:24:02.423003 [debug] [Thread-1 (]: Began executing node seed.language_platform.progress
[0m18:24:02.435003 [debug] [Thread-1 (]: Using duckdb connection "seed.language_platform.progress"
[0m18:24:02.436001 [debug] [Thread-1 (]: On seed.language_platform.progress: BEGIN
[0m18:24:02.437004 [debug] [Thread-1 (]: Opening a new connection, currently in state closed
[0m18:24:02.438007 [debug] [Thread-1 (]: SQL status: OK in 0.001 seconds
[0m18:24:02.439005 [debug] [Thread-1 (]: Using duckdb connection "seed.language_platform.progress"
[0m18:24:02.439005 [debug] [Thread-1 (]: On seed.language_platform.progress: /* {"app": "dbt", "dbt_version": "1.11.10", "profile_name": "language_platform", "target_name": "dev", "node_id": "seed.language_platform.progress"} */
truncate table "language_db"."main"."progress"
[0m18:24:02.441007 [debug] [Thread-1 (]: SQL status: OK in 0.001 seconds
[0m18:24:02.443003 [debug] [Thread-1 (]: Using duckdb connection "seed.language_platform.progress"
[0m18:24:02.443003 [debug] [Thread-1 (]: On seed.language_platform.progress: 
          COPY "language_db"."main"."progress" FROM 'C:\Users\kartu\Downloads\MGIMO_BigData-main\LAB2\language_platform\seeds\progress.csv' (FORMAT CSV, HEADER TRUE, DELIMITER ',')
        ...
[0m18:24:02.446007 [debug] [Thread-1 (]: DuckDB adapter: duckdb error: Invalid Input Error: Error when sniffing file "C:\Users\kartu\Downloads\MGIMO_BigData-main\LAB2\language_platform\seeds\progress.csv".
It was not possible to automatically detect the CSV parsing dialect
The search space used was:
Delimiter Candidates: ','
Quote/Escape Candidates: ['(no quote)','(no escape)'],['"','(no escape)'],['"','"'],['"','''],['"','\'],[''','(no escape)'],[''','''],[''','"'],[''','\']
Comment Candidates: '\0', '#'
Encoding: utf-8
Possible fixes:
* Disable the parser's strict mode (strict_mode=false) to allow reading rows that do not comply with the CSV standard.
* Columns are set as: "columns = { 'user_id' : 'INTEGER', 'language' : 'VARCHAR', 'lesson_name' : 'VARCHAR', 'score' : 'INTEGER', 'status' : 'VARCHAR'}", and they contain: 5 columns. It does not match the number of columns found by the sniffer: 4. Verify the columns parameter is correctly set.
* Make sure you are using the correct file encoding. If not, set it (e.g., encoding = 'utf-16').
* Delimiter is set to ','. Consider unsetting it.
* Set quote (e.g., quote='"')
* Set escape (e.g., escape='"')
* Set comment (e.g., comment='#')
* Set skip (skip=${n}) to skip ${n} lines at the top of the file
* Enable ignore errors (ignore_errors=true) to ignore potential errors
* Enable null padding (null_padding=true) to pad missing columns with NULL values
* Check you are using the correct file compression, otherwise set it (e.g., compression = 'zstd')
* Be sure that the maximum line size is set to an appropriate value, otherwise set it (e.g., max_line_size=10000000)

[0m18:24:02.448010 [debug] [Thread-1 (]: DuckDB adapter: Error running SQL: 
          COPY "language_db"."main"."progress" FROM 'C:\Users\kartu\Downloads\MGIMO_BigData-main\LAB2\language_platform\seeds\progress.csv' (FORMAT CSV, HEADER TRUE, DELIMITER ',')
        
[0m18:24:02.448010 [debug] [Thread-1 (]: DuckDB adapter: Rolling back transaction.
[0m18:24:02.449003 [debug] [Thread-1 (]: On seed.language_platform.progress: ROLLBACK
[0m18:24:02.451007 [debug] [Thread-1 (]: Failed to rollback 'seed.language_platform.progress'
[0m18:24:02.452012 [debug] [Thread-1 (]: On seed.language_platform.progress: Close
[0m18:24:02.477401 [debug] [Thread-1 (]: Runtime Error in seed progress (seeds\progress.csv)
  Invalid Input Error: Error when sniffing file "C:\Users\kartu\Downloads\MGIMO_BigData-main\LAB2\language_platform\seeds\progress.csv".
  It was not possible to automatically detect the CSV parsing dialect
  The search space used was:
  Delimiter Candidates: ','
  Quote/Escape Candidates: ['(no quote)','(no escape)'],['"','(no escape)'],['"','"'],['"','''],['"','\'],[''','(no escape)'],[''','''],[''','"'],[''','\']
  Comment Candidates: '\0', '#'
  Encoding: utf-8
  Possible fixes:
  * Disable the parser's strict mode (strict_mode=false) to allow reading rows that do not comply with the CSV standard.
  * Columns are set as: "columns = { 'user_id' : 'INTEGER', 'language' : 'VARCHAR', 'lesson_name' : 'VARCHAR', 'score' : 'INTEGER', 'status' : 'VARCHAR'}", and they contain: 5 columns. It does not match the number of columns found by the sniffer: 4. Verify the columns parameter is correctly set.
  * Make sure you are using the correct file encoding. If not, set it (e.g., encoding = 'utf-16').
  * Delimiter is set to ','. Consider unsetting it.
  * Set quote (e.g., quote='"')
  * Set escape (e.g., escape='"')
  * Set comment (e.g., comment='#')
  * Set skip (skip=${n}) to skip ${n} lines at the top of the file
  * Enable ignore errors (ignore_errors=true) to ignore potential errors
  * Enable null padding (null_padding=true) to pad missing columns with NULL values
  * Check you are using the correct file compression, otherwise set it (e.g., compression = 'zstd')
  * Be sure that the maximum line size is set to an appropriate value, otherwise set it (e.g., max_line_size=10000000)
  
[0m18:24:02.478449 [debug] [Thread-1 (]: Sending event: {'category': 'dbt', 'action': 'run_model', 'label': '5d41e860-b897-4c02-94b1-83f1b396879f', 'context': [<snowplow_tracker.self_describing_json.SelfDescribingJson object at 0x000001EE7C44ED50>]}
[0m18:24:02.479544 [error] [Thread-1 (]: 4 of 5 ERROR loading seed file main.progress ................................... [[31mERROR[0m in 0.06s]
[0m18:24:02.480603 [debug] [Thread-1 (]: Finished running node seed.language_platform.progress
[0m18:24:02.481137 [debug] [Thread-1 (]: Began running node seed.language_platform.users
[0m18:24:02.481659 [debug] [Thread-4 (]: Marking all children of 'seed.language_platform.progress' to be skipped because of status 'error'.  Reason: Runtime Error in seed progress (seeds\progress.csv)
  Invalid Input Error: Error when sniffing file "C:\Users\kartu\Downloads\MGIMO_BigData-main\LAB2\language_platform\seeds\progress.csv".
  It was not possible to automatically detect the CSV parsing dialect
  The search space used was:
  Delimiter Candidates: ','
  Quote/Escape Candidates: ['(no quote)','(no escape)'],['"','(no escape)'],['"','"'],['"','''],['"','\'],[''','(no escape)'],[''','''],[''','"'],[''','\']
  Comment Candidates: '\0', '#'
  Encoding: utf-8
  Possible fixes:
  * Disable the parser's strict mode (strict_mode=false) to allow reading rows that do not comply with the CSV standard.
  * Columns are set as: "columns = { 'user_id' : 'INTEGER', 'language' : 'VARCHAR', 'lesson_name' : 'VARCHAR', 'score' : 'INTEGER', 'status' : 'VARCHAR'}", and they contain: 5 columns. It does not match the number of columns found by the sniffer: 4. Verify the columns parameter is correctly set.
  * Make sure you are using the correct file encoding. If not, set it (e.g., encoding = 'utf-16').
  * Delimiter is set to ','. Consider unsetting it.
  * Set quote (e.g., quote='"')
  * Set escape (e.g., escape='"')
  * Set comment (e.g., comment='#')
  * Set skip (skip=${n}) to skip ${n} lines at the top of the file
  * Enable ignore errors (ignore_errors=true) to ignore potential errors
  * Enable null padding (null_padding=true) to pad missing columns with NULL values
  * Check you are using the correct file compression, otherwise set it (e.g., compression = 'zstd')
  * Be sure that the maximum line size is set to an appropriate value, otherwise set it (e.g., max_line_size=10000000)
  .
[0m18:24:02.482724 [info ] [Thread-1 (]: 5 of 5 START seed file main.users .............................................. [RUN]
[0m18:24:02.484858 [debug] [Thread-1 (]: Re-using an available connection from the pool (formerly seed.language_platform.progress, now seed.language_platform.users)
[0m18:24:02.485386 [debug] [Thread-1 (]: Began compiling node seed.language_platform.users
[0m18:24:02.485921 [debug] [Thread-1 (]: Began executing node seed.language_platform.users
[0m18:24:02.490145 [debug] [Thread-1 (]: Using duckdb connection "seed.language_platform.users"
[0m18:24:02.491129 [debug] [Thread-1 (]: On seed.language_platform.users: BEGIN
[0m18:24:02.491129 [debug] [Thread-1 (]: Opening a new connection, currently in state closed
[0m18:24:02.492145 [debug] [Thread-1 (]: SQL status: OK in 0.001 seconds
[0m18:24:02.493145 [debug] [Thread-1 (]: Using duckdb connection "seed.language_platform.users"
[0m18:24:02.494136 [debug] [Thread-1 (]: On seed.language_platform.users: /* {"app": "dbt", "dbt_version": "1.11.10", "profile_name": "language_platform", "target_name": "dev", "node_id": "seed.language_platform.users"} */

    create table "language_db"."main"."users" ("user_id" integer,"user_name" text,"country" text,"reg_date" date)
  
[0m18:24:02.496124 [debug] [Thread-1 (]: SQL status: OK in 0.001 seconds
[0m18:24:02.497121 [debug] [Thread-1 (]: Using duckdb connection "seed.language_platform.users"
[0m18:24:02.498130 [debug] [Thread-1 (]: On seed.language_platform.users: 
          COPY "language_db"."main"."users" FROM 'C:\Users\kartu\Downloads\MGIMO_BigData-main\LAB2\language_platform\seeds\users.csv' (FORMAT CSV, HEADER TRUE, DELIMITER ',')
        ...
[0m18:24:02.502145 [debug] [Thread-1 (]: SQL status: OK in 0.003 seconds
[0m18:24:02.503121 [debug] [Thread-1 (]: Writing runtime SQL for node "seed.language_platform.users"
[0m18:24:02.507132 [debug] [Thread-1 (]: On seed.language_platform.users: COMMIT
[0m18:24:02.508131 [debug] [Thread-1 (]: Using duckdb connection "seed.language_platform.users"
[0m18:24:02.508131 [debug] [Thread-1 (]: On seed.language_platform.users: COMMIT
[0m18:24:02.512124 [debug] [Thread-1 (]: SQL status: OK in 0.003 seconds
[0m18:24:02.513129 [debug] [Thread-1 (]: On seed.language_platform.users: Close
[0m18:24:02.514129 [debug] [Thread-1 (]: Sending event: {'category': 'dbt', 'action': 'run_model', 'label': '5d41e860-b897-4c02-94b1-83f1b396879f', 'context': [<snowplow_tracker.self_describing_json.SelfDescribingJson object at 0x000001EE7C4D6F90>]}
[0m18:24:02.515145 [info ] [Thread-1 (]: 5 of 5 OK loaded seed file main.users .......................................... [[32mINSERT 3[0m in 0.03s]
[0m18:24:02.516145 [debug] [Thread-1 (]: Finished running node seed.language_platform.users
[0m18:24:02.517134 [debug] [MainThread]: Using duckdb connection "master"
[0m18:24:02.518147 [debug] [MainThread]: On master: BEGIN
[0m18:24:02.518147 [debug] [MainThread]: Opening a new connection, currently in state closed
[0m18:24:02.519129 [debug] [MainThread]: SQL status: OK in 0.001 seconds
[0m18:24:02.520129 [debug] [MainThread]: On master: COMMIT
[0m18:24:02.520129 [debug] [MainThread]: Using duckdb connection "master"
[0m18:24:02.521129 [debug] [MainThread]: On master: COMMIT
[0m18:24:02.522132 [debug] [MainThread]: SQL status: OK in 0.000 seconds
[0m18:24:02.522132 [debug] [MainThread]: On master: Close
[0m18:24:02.523145 [debug] [MainThread]: Connection 'master' was properly closed.
[0m18:24:02.523145 [debug] [MainThread]: Connection 'create_language_db_main' was properly closed.
[0m18:24:02.524119 [debug] [MainThread]: Connection 'list_language_db_main' was properly closed.
[0m18:24:02.525135 [debug] [MainThread]: Connection 'seed.language_platform.users' was properly closed.
[0m18:24:02.526129 [info ] [MainThread]: 
[0m18:24:02.527122 [info ] [MainThread]: Finished running 5 seeds in 0 hours 0 minutes and 0.43 seconds (0.43s).
[0m18:24:02.528147 [debug] [MainThread]: Command end result
[0m18:24:02.563183 [debug] [MainThread]: Wrote artifact WritableManifest to C:\Users\kartu\Downloads\MGIMO_BigData-main\LAB2\language_platform\target\manifest.json
[0m18:24:02.566753 [debug] [MainThread]: Wrote artifact SemanticManifest to C:\Users\kartu\Downloads\MGIMO_BigData-main\LAB2\language_platform\target\semantic_manifest.json
[0m18:24:02.573734 [debug] [MainThread]: Wrote artifact RunExecutionResult to C:\Users\kartu\Downloads\MGIMO_BigData-main\LAB2\language_platform\target\run_results.json
[0m18:24:02.573734 [info ] [MainThread]: 
[0m18:24:02.574725 [info ] [MainThread]: [31mCompleted with 1 error, 0 partial successes, and 0 warnings:[0m
[0m18:24:02.575732 [info ] [MainThread]: 
[0m18:24:02.576731 [error] [MainThread]: [31mFailure in seed progress (seeds\progress.csv)[0m
[0m18:24:02.577734 [error] [MainThread]:   Runtime Error in seed progress (seeds\progress.csv)
  Invalid Input Error: Error when sniffing file "C:\Users\kartu\Downloads\MGIMO_BigData-main\LAB2\language_platform\seeds\progress.csv".
  It was not possible to automatically detect the CSV parsing dialect
  The search space used was:
  Delimiter Candidates: ','
  Quote/Escape Candidates: ['(no quote)','(no escape)'],['"','(no escape)'],['"','"'],['"','''],['"','\'],[''','(no escape)'],[''','''],[''','"'],[''','\']
  Comment Candidates: '\0', '#'
  Encoding: utf-8
  Possible fixes:
  * Disable the parser's strict mode (strict_mode=false) to allow reading rows that do not comply with the CSV standard.
  * Columns are set as: "columns = { 'user_id' : 'INTEGER', 'language' : 'VARCHAR', 'lesson_name' : 'VARCHAR', 'score' : 'INTEGER', 'status' : 'VARCHAR'}", and they contain: 5 columns. It does not match the number of columns found by the sniffer: 4. Verify the columns parameter is correctly set.
  * Make sure you are using the correct file encoding. If not, set it (e.g., encoding = 'utf-16').
  * Delimiter is set to ','. Consider unsetting it.
  * Set quote (e.g., quote='"')
  * Set escape (e.g., escape='"')
  * Set comment (e.g., comment='#')
  * Set skip (skip=${n}) to skip ${n} lines at the top of the file
  * Enable ignore errors (ignore_errors=true) to ignore potential errors
  * Enable null padding (null_padding=true) to pad missing columns with NULL values
  * Check you are using the correct file compression, otherwise set it (e.g., compression = 'zstd')
  * Be sure that the maximum line size is set to an appropriate value, otherwise set it (e.g., max_line_size=10000000)
  
[0m18:24:02.577734 [info ] [MainThread]: 
[0m18:24:02.578729 [info ] [MainThread]: Done. PASS=4 WARN=0 ERROR=1 SKIP=0 NO-OP=0 TOTAL=5
[0m18:24:02.580731 [debug] [MainThread]: Command `dbt seed` failed at 18:24:02.579722 after 1.76 seconds
[0m18:24:02.580731 [debug] [MainThread]: Sending event: {'category': 'dbt', 'action': 'invocation', 'label': 'end', 'context': [<snowplow_tracker.self_describing_json.SelfDescribingJson object at 0x000001EE7A922950>, <snowplow_tracker.self_describing_json.SelfDescribingJson object at 0x000001EE7B9196D0>, <snowplow_tracker.self_describing_json.SelfDescribingJson object at 0x000001EE73BDA550>]}
[0m18:24:02.581729 [debug] [MainThread]: Flushing usage events
[0m18:24:03.706753 [debug] [MainThread]: An error was encountered while trying to flush usage events
[0m18:25:07.086487 [debug] [MainThread]: Sending event: {'category': 'dbt', 'action': 'invocation', 'label': 'start', 'context': [<snowplow_tracker.self_describing_json.SelfDescribingJson object at 0x00000165A8DFB110>, <snowplow_tracker.self_describing_json.SelfDescribingJson object at 0x00000165A8BB8690>, <snowplow_tracker.self_describing_json.SelfDescribingJson object at 0x00000165A8BB8FD0>]}


============================== 18:25:07.091169 | 7b86bc24-55ee-4b01-bfc1-78dab90f26a3 ==============================
[0m18:25:07.091169 [info ] [MainThread]: Running with dbt=1.11.10
[0m18:25:07.092208 [debug] [MainThread]: running dbt with arguments {'static_parser': 'True', 'no_print': 'None', 'version_check': 'True', 'warn_error_options': 'WarnErrorOptionsV2(error=[], warn=[], silence=[])', 'target_path': 'None', 'printer_width': '80', 'write_json': 'True', 'introspect': 'True', 'log_cache_events': 'False', 'empty': 'None', 'cache_selected_only': 'False', 'log_format': 'default', 'debug': 'False', 'fail_fast': 'False', 'partial_parse': 'True', 'send_anonymous_usage_stats': 'True', 'quiet': 'False', 'warn_error': 'None', 'profiles_dir': 'C:\\Users\\kartu\\.dbt', 'use_colors': 'True', 'invocation_command': 'dbt seed --full-refresh', 'indirect_selection': 'eager', 'use_experimental_parser': 'False', 'log_path': 'C:\\Users\\kartu\\Downloads\\MGIMO_BigData-main\\LAB2\\language_platform\\logs'}
[0m18:25:07.330951 [debug] [MainThread]: Sending event: {'category': 'dbt', 'action': 'project_id', 'label': '7b86bc24-55ee-4b01-bfc1-78dab90f26a3', 'context': [<snowplow_tracker.self_describing_json.SelfDescribingJson object at 0x00000165A583C310>]}
[0m18:25:07.390472 [debug] [MainThread]: Sending event: {'category': 'dbt', 'action': 'adapter_info', 'label': '7b86bc24-55ee-4b01-bfc1-78dab90f26a3', 'context': [<snowplow_tracker.self_describing_json.SelfDescribingJson object at 0x00000165AA0A9010>]}
[0m18:25:07.393471 [info ] [MainThread]: Registered adapter: duckdb=1.10.1
[0m18:25:07.687835 [debug] [MainThread]: checksum: 2f247960199844e016e6a527f21364251736722c6212f4b11e96849fe0fc9e96, vars: {}, profile: , target: , version: 1.11.10
[0m18:25:07.843052 [debug] [MainThread]: Partial parsing enabled: 0 files deleted, 0 files added, 0 files changed.
[0m18:25:07.844053 [debug] [MainThread]: Nothing changed, skipping partial parsing.
[0m18:25:07.844053 [debug] [MainThread]: Partial parsing enabled, no changes found, skipping parsing
[0m18:25:07.893578 [debug] [MainThread]: Sending event: {'category': 'dbt', 'action': 'load_project', 'label': '7b86bc24-55ee-4b01-bfc1-78dab90f26a3', 'context': [<snowplow_tracker.self_describing_json.SelfDescribingJson object at 0x00000165AA48E2D0>]}
[0m18:25:08.037109 [debug] [MainThread]: Wrote artifact WritableManifest to C:\Users\kartu\Downloads\MGIMO_BigData-main\LAB2\language_platform\target\manifest.json
[0m18:25:08.041110 [debug] [MainThread]: Wrote artifact SemanticManifest to C:\Users\kartu\Downloads\MGIMO_BigData-main\LAB2\language_platform\target\semantic_manifest.json
[0m18:25:08.058121 [debug] [MainThread]: Sending event: {'category': 'dbt', 'action': 'resource_counts', 'label': '7b86bc24-55ee-4b01-bfc1-78dab90f26a3', 'context': [<snowplow_tracker.self_describing_json.SelfDescribingJson object at 0x00000165AA395DD0>]}
[0m18:25:08.058121 [info ] [MainThread]: Found 3 models, 4 data tests, 5 seeds, 477 macros
[0m18:25:08.059118 [debug] [MainThread]: Sending event: {'category': 'dbt', 'action': 'runnable_timing', 'label': '7b86bc24-55ee-4b01-bfc1-78dab90f26a3', 'context': [<snowplow_tracker.self_describing_json.SelfDescribingJson object at 0x00000165AA38F590>]}
[0m18:25:08.061637 [info ] [MainThread]: 
[0m18:25:08.061637 [info ] [MainThread]: Concurrency: 1 threads (target='dev')
[0m18:25:08.062643 [info ] [MainThread]: 
[0m18:25:08.064639 [debug] [MainThread]: Acquiring new duckdb connection 'master'
[0m18:25:08.069638 [debug] [ThreadPool]: Acquiring new duckdb connection 'list_language_db'
[0m18:25:08.149649 [debug] [ThreadPool]: Using duckdb connection "list_language_db"
[0m18:25:08.150650 [debug] [ThreadPool]: On list_language_db: /* {"app": "dbt", "dbt_version": "1.11.10", "profile_name": "language_platform", "target_name": "dev", "connection_name": "list_language_db"} */

    
    select schema_name
    from system.information_schema.schemata
    
    where lower(catalog_name) = '"language_db"'
    
  
  
[0m18:25:08.150650 [debug] [ThreadPool]: Opening a new connection, currently in state init
[0m18:25:08.181414 [debug] [ThreadPool]: SQL status: OK in 0.030 seconds
[0m18:25:08.195509 [debug] [ThreadPool]: On list_language_db: Close
[0m18:25:08.196510 [debug] [ThreadPool]: Re-using an available connection from the pool (formerly list_language_db, now create_language_db_main)
[0m18:25:08.197511 [debug] [ThreadPool]: Creating schema "database: "language_db"
schema: "main"
"
[0m18:25:08.203510 [debug] [ThreadPool]: Using duckdb connection "create_language_db_main"
[0m18:25:08.204510 [debug] [ThreadPool]: On create_language_db_main: /* {"app": "dbt", "dbt_version": "1.11.10", "profile_name": "language_platform", "target_name": "dev", "connection_name": "create_language_db_main"} */

    
        select type from duckdb_databases()
        where lower(database_name)='language_db'
        and type='sqlite'
    
  
[0m18:25:08.204510 [debug] [ThreadPool]: Opening a new connection, currently in state closed
[0m18:25:08.206510 [debug] [ThreadPool]: SQL status: OK in 0.001 seconds
[0m18:25:08.207511 [debug] [ThreadPool]: Using duckdb connection "create_language_db_main"
[0m18:25:08.208510 [debug] [ThreadPool]: On create_language_db_main: BEGIN
[0m18:25:08.209509 [debug] [ThreadPool]: SQL status: OK in 0.000 seconds
[0m18:25:08.210509 [debug] [ThreadPool]: Using duckdb connection "create_language_db_main"
[0m18:25:08.210509 [debug] [ThreadPool]: On create_language_db_main: /* {"app": "dbt", "dbt_version": "1.11.10", "profile_name": "language_platform", "target_name": "dev", "connection_name": "create_language_db_main"} */

    
    
        create schema if not exists "language_db"."main"
    
[0m18:25:08.211511 [debug] [ThreadPool]: SQL status: OK in 0.000 seconds
[0m18:25:08.213507 [debug] [ThreadPool]: On create_language_db_main: COMMIT
[0m18:25:08.213507 [debug] [ThreadPool]: Using duckdb connection "create_language_db_main"
[0m18:25:08.214505 [debug] [ThreadPool]: On create_language_db_main: COMMIT
[0m18:25:08.215509 [debug] [ThreadPool]: SQL status: OK in 0.000 seconds
[0m18:25:08.216513 [debug] [ThreadPool]: On create_language_db_main: Close
[0m18:25:08.218505 [debug] [ThreadPool]: Acquiring new duckdb connection 'list_language_db_main'
[0m18:25:08.225505 [debug] [ThreadPool]: Using duckdb connection "list_language_db_main"
[0m18:25:08.226518 [debug] [ThreadPool]: On list_language_db_main: BEGIN
[0m18:25:08.226518 [debug] [ThreadPool]: Opening a new connection, currently in state init
[0m18:25:08.228509 [debug] [ThreadPool]: SQL status: OK in 0.001 seconds
[0m18:25:08.228509 [debug] [ThreadPool]: Using duckdb connection "list_language_db_main"
[0m18:25:08.229510 [debug] [ThreadPool]: On list_language_db_main: /* {"app": "dbt", "dbt_version": "1.11.10", "profile_name": "language_platform", "target_name": "dev", "connection_name": "list_language_db_main"} */
select
      'language_db' as database,
      table_name as name,
      table_schema as schema,
      CASE table_type
        WHEN 'BASE TABLE' THEN 'table'
        WHEN 'VIEW' THEN 'view'
        WHEN 'LOCAL TEMPORARY' THEN 'table'
        END as type
    from system.information_schema.tables
    where lower(table_schema) = 'main'
    and lower(table_catalog) = 'language_db'
  
[0m18:25:08.233507 [debug] [ThreadPool]: SQL status: OK in 0.003 seconds
[0m18:25:08.234507 [debug] [ThreadPool]: On list_language_db_main: ROLLBACK
[0m18:25:08.236509 [debug] [ThreadPool]: Failed to rollback 'list_language_db_main'
[0m18:25:08.236509 [debug] [ThreadPool]: On list_language_db_main: Close
[0m18:25:08.238511 [debug] [MainThread]: Sending event: {'category': 'dbt', 'action': 'runnable_timing', 'label': '7b86bc24-55ee-4b01-bfc1-78dab90f26a3', 'context': [<snowplow_tracker.self_describing_json.SelfDescribingJson object at 0x00000165AA8BA190>]}
[0m18:25:08.239508 [debug] [MainThread]: Using duckdb connection "master"
[0m18:25:08.239508 [debug] [MainThread]: On master: BEGIN
[0m18:25:08.240514 [debug] [MainThread]: Opening a new connection, currently in state init
[0m18:25:08.241510 [debug] [MainThread]: SQL status: OK in 0.001 seconds
[0m18:25:08.242512 [debug] [MainThread]: On master: COMMIT
[0m18:25:08.242512 [debug] [MainThread]: Using duckdb connection "master"
[0m18:25:08.243511 [debug] [MainThread]: On master: COMMIT
[0m18:25:08.243511 [debug] [MainThread]: SQL status: OK in 0.000 seconds
[0m18:25:08.244511 [debug] [MainThread]: On master: Close
[0m18:25:08.248517 [debug] [Thread-1 (]: Began running node seed.language_platform.exercises
[0m18:25:08.249515 [info ] [Thread-1 (]: 1 of 5 START seed file main.exercises .......................................... [RUN]
[0m18:25:08.250519 [debug] [Thread-1 (]: Acquiring new duckdb connection 'seed.language_platform.exercises'
[0m18:25:08.251520 [debug] [Thread-1 (]: Began compiling node seed.language_platform.exercises
[0m18:25:08.251520 [debug] [Thread-1 (]: Began executing node seed.language_platform.exercises
[0m18:25:08.283027 [debug] [Thread-1 (]: Using duckdb connection "seed.language_platform.exercises"
[0m18:25:08.284026 [debug] [Thread-1 (]: On seed.language_platform.exercises: /* {"app": "dbt", "dbt_version": "1.11.10", "profile_name": "language_platform", "target_name": "dev", "node_id": "seed.language_platform.exercises"} */

      drop table if exists "language_db"."main"."exercises" cascade
    
[0m18:25:08.285027 [debug] [Thread-1 (]: Opening a new connection, currently in state init
[0m18:25:08.292026 [debug] [Thread-1 (]: SQL status: OK in 0.007 seconds
[0m18:25:08.298026 [debug] [Thread-1 (]: Using duckdb connection "seed.language_platform.exercises"
[0m18:25:08.299025 [debug] [Thread-1 (]: On seed.language_platform.exercises: BEGIN
[0m18:25:08.300030 [debug] [Thread-1 (]: SQL status: OK in 0.000 seconds
[0m18:25:08.302027 [debug] [Thread-1 (]: Using duckdb connection "seed.language_platform.exercises"
[0m18:25:08.303027 [debug] [Thread-1 (]: On seed.language_platform.exercises: /* {"app": "dbt", "dbt_version": "1.11.10", "profile_name": "language_platform", "target_name": "dev", "node_id": "seed.language_platform.exercises"} */

    create table "language_db"."main"."exercises" ("ex_id" integer,"lesson_id" integer,"ex_type" text)
  
[0m18:25:08.304032 [debug] [Thread-1 (]: SQL status: OK in 0.001 seconds
[0m18:25:08.315033 [debug] [Thread-1 (]: Using duckdb connection "seed.language_platform.exercises"
[0m18:25:08.316029 [debug] [Thread-1 (]: On seed.language_platform.exercises: 
          COPY "language_db"."main"."exercises" FROM 'C:\Users\kartu\Downloads\MGIMO_BigData-main\LAB2\language_platform\seeds\exercises.csv' (FORMAT CSV, HEADER TRUE, DELIMITER ',')
        ...
[0m18:25:08.321030 [debug] [Thread-1 (]: SQL status: OK in 0.005 seconds
[0m18:25:08.327031 [debug] [Thread-1 (]: Writing runtime SQL for node "seed.language_platform.exercises"
[0m18:25:08.346037 [debug] [Thread-1 (]: On seed.language_platform.exercises: COMMIT
[0m18:25:08.347033 [debug] [Thread-1 (]: Using duckdb connection "seed.language_platform.exercises"
[0m18:25:08.348034 [debug] [Thread-1 (]: On seed.language_platform.exercises: COMMIT
[0m18:25:08.353033 [debug] [Thread-1 (]: SQL status: OK in 0.004 seconds
[0m18:25:08.355032 [debug] [Thread-1 (]: On seed.language_platform.exercises: Close
[0m18:25:08.359035 [debug] [Thread-1 (]: Sending event: {'category': 'dbt', 'action': 'run_model', 'label': '7b86bc24-55ee-4b01-bfc1-78dab90f26a3', 'context': [<snowplow_tracker.self_describing_json.SelfDescribingJson object at 0x00000165AA814850>]}
[0m18:25:08.360556 [info ] [Thread-1 (]: 1 of 5 OK loaded seed file main.exercises ...................................... [[32mCREATE 3[0m in 0.11s]
[0m18:25:08.361574 [debug] [Thread-1 (]: Finished running node seed.language_platform.exercises
[0m18:25:08.362568 [debug] [Thread-1 (]: Began running node seed.language_platform.languages
[0m18:25:08.363570 [info ] [Thread-1 (]: 2 of 5 START seed file main.languages .......................................... [RUN]
[0m18:25:08.364573 [debug] [Thread-1 (]: Re-using an available connection from the pool (formerly seed.language_platform.exercises, now seed.language_platform.languages)
[0m18:25:08.365568 [debug] [Thread-1 (]: Began compiling node seed.language_platform.languages
[0m18:25:08.365568 [debug] [Thread-1 (]: Began executing node seed.language_platform.languages
[0m18:25:08.371565 [debug] [Thread-1 (]: Using duckdb connection "seed.language_platform.languages"
[0m18:25:08.372568 [debug] [Thread-1 (]: On seed.language_platform.languages: /* {"app": "dbt", "dbt_version": "1.11.10", "profile_name": "language_platform", "target_name": "dev", "node_id": "seed.language_platform.languages"} */

      drop table if exists "language_db"."main"."languages" cascade
    
[0m18:25:08.372568 [debug] [Thread-1 (]: Opening a new connection, currently in state closed
[0m18:25:08.378571 [debug] [Thread-1 (]: SQL status: OK in 0.005 seconds
[0m18:25:08.380568 [debug] [Thread-1 (]: Using duckdb connection "seed.language_platform.languages"
[0m18:25:08.381576 [debug] [Thread-1 (]: On seed.language_platform.languages: BEGIN
[0m18:25:08.382572 [debug] [Thread-1 (]: SQL status: OK in 0.000 seconds
[0m18:25:08.383569 [debug] [Thread-1 (]: Using duckdb connection "seed.language_platform.languages"
[0m18:25:08.384570 [debug] [Thread-1 (]: On seed.language_platform.languages: /* {"app": "dbt", "dbt_version": "1.11.10", "profile_name": "language_platform", "target_name": "dev", "node_id": "seed.language_platform.languages"} */

    create table "language_db"."main"."languages" ("lang_id" integer,"lang_name" text,"level" text)
  
[0m18:25:08.385575 [debug] [Thread-1 (]: SQL status: OK in 0.001 seconds
[0m18:25:08.388572 [debug] [Thread-1 (]: Using duckdb connection "seed.language_platform.languages"
[0m18:25:08.389572 [debug] [Thread-1 (]: On seed.language_platform.languages: 
          COPY "language_db"."main"."languages" FROM 'C:\Users\kartu\Downloads\MGIMO_BigData-main\LAB2\language_platform\seeds\languages.csv' (FORMAT CSV, HEADER TRUE, DELIMITER ',')
        ...
[0m18:25:08.393570 [debug] [Thread-1 (]: SQL status: OK in 0.003 seconds
[0m18:25:08.395567 [debug] [Thread-1 (]: Writing runtime SQL for node "seed.language_platform.languages"
[0m18:25:08.398566 [debug] [Thread-1 (]: On seed.language_platform.languages: COMMIT
[0m18:25:08.398566 [debug] [Thread-1 (]: Using duckdb connection "seed.language_platform.languages"
[0m18:25:08.399565 [debug] [Thread-1 (]: On seed.language_platform.languages: COMMIT
[0m18:25:08.402564 [debug] [Thread-1 (]: SQL status: OK in 0.003 seconds
[0m18:25:08.404573 [debug] [Thread-1 (]: On seed.language_platform.languages: Close
[0m18:25:08.405569 [debug] [Thread-1 (]: Sending event: {'category': 'dbt', 'action': 'run_model', 'label': '7b86bc24-55ee-4b01-bfc1-78dab90f26a3', 'context': [<snowplow_tracker.self_describing_json.SelfDescribingJson object at 0x00000165AA953D10>]}
[0m18:25:08.405569 [info ] [Thread-1 (]: 2 of 5 OK loaded seed file main.languages ...................................... [[32mCREATE 3[0m in 0.04s]
[0m18:25:08.406566 [debug] [Thread-1 (]: Finished running node seed.language_platform.languages
[0m18:25:08.407577 [debug] [Thread-1 (]: Began running node seed.language_platform.lessons
[0m18:25:08.408570 [info ] [Thread-1 (]: 3 of 5 START seed file main.lessons ............................................ [RUN]
[0m18:25:08.408570 [debug] [Thread-1 (]: Re-using an available connection from the pool (formerly seed.language_platform.languages, now seed.language_platform.lessons)
[0m18:25:08.409568 [debug] [Thread-1 (]: Began compiling node seed.language_platform.lessons
[0m18:25:08.410567 [debug] [Thread-1 (]: Began executing node seed.language_platform.lessons
[0m18:25:08.416564 [debug] [Thread-1 (]: Using duckdb connection "seed.language_platform.lessons"
[0m18:25:08.417568 [debug] [Thread-1 (]: On seed.language_platform.lessons: /* {"app": "dbt", "dbt_version": "1.11.10", "profile_name": "language_platform", "target_name": "dev", "node_id": "seed.language_platform.lessons"} */

      drop table if exists "language_db"."main"."lessons" cascade
    
[0m18:25:08.417568 [debug] [Thread-1 (]: Opening a new connection, currently in state closed
[0m18:25:08.421596 [debug] [Thread-1 (]: SQL status: OK in 0.003 seconds
[0m18:25:08.423580 [debug] [Thread-1 (]: Using duckdb connection "seed.language_platform.lessons"
[0m18:25:08.423580 [debug] [Thread-1 (]: On seed.language_platform.lessons: BEGIN
[0m18:25:08.424583 [debug] [Thread-1 (]: SQL status: OK in 0.000 seconds
[0m18:25:08.425569 [debug] [Thread-1 (]: Using duckdb connection "seed.language_platform.lessons"
[0m18:25:08.426572 [debug] [Thread-1 (]: On seed.language_platform.lessons: /* {"app": "dbt", "dbt_version": "1.11.10", "profile_name": "language_platform", "target_name": "dev", "node_id": "seed.language_platform.lessons"} */

    create table "language_db"."main"."lessons" ("lesson_id" integer,"lang_id" integer,"lesson_title" text)
  
[0m18:25:08.427581 [debug] [Thread-1 (]: SQL status: OK in 0.001 seconds
[0m18:25:08.429580 [debug] [Thread-1 (]: Using duckdb connection "seed.language_platform.lessons"
[0m18:25:08.430596 [debug] [Thread-1 (]: On seed.language_platform.lessons: 
          COPY "language_db"."main"."lessons" FROM 'C:\Users\kartu\Downloads\MGIMO_BigData-main\LAB2\language_platform\seeds\lessons.csv' (FORMAT CSV, HEADER TRUE, DELIMITER ',')
        ...
[0m18:25:08.432582 [debug] [Thread-1 (]: SQL status: OK in 0.002 seconds
[0m18:25:08.433582 [debug] [Thread-1 (]: Writing runtime SQL for node "seed.language_platform.lessons"
[0m18:25:08.436576 [debug] [Thread-1 (]: On seed.language_platform.lessons: COMMIT
[0m18:25:08.437580 [debug] [Thread-1 (]: Using duckdb connection "seed.language_platform.lessons"
[0m18:25:08.437580 [debug] [Thread-1 (]: On seed.language_platform.lessons: COMMIT
[0m18:25:08.441580 [debug] [Thread-1 (]: SQL status: OK in 0.003 seconds
[0m18:25:08.442596 [debug] [Thread-1 (]: On seed.language_platform.lessons: Close
[0m18:25:08.443580 [debug] [Thread-1 (]: Sending event: {'category': 'dbt', 'action': 'run_model', 'label': '7b86bc24-55ee-4b01-bfc1-78dab90f26a3', 'context': [<snowplow_tracker.self_describing_json.SelfDescribingJson object at 0x00000165AA968DD0>]}
[0m18:25:08.445569 [info ] [Thread-1 (]: 3 of 5 OK loaded seed file main.lessons ........................................ [[32mCREATE 4[0m in 0.04s]
[0m18:25:08.446574 [debug] [Thread-1 (]: Finished running node seed.language_platform.lessons
[0m18:25:08.446574 [debug] [Thread-1 (]: Began running node seed.language_platform.progress
[0m18:25:08.447576 [info ] [Thread-1 (]: 4 of 5 START seed file main.progress ........................................... [RUN]
[0m18:25:08.448575 [debug] [Thread-1 (]: Re-using an available connection from the pool (formerly seed.language_platform.lessons, now seed.language_platform.progress)
[0m18:25:08.449575 [debug] [Thread-1 (]: Began compiling node seed.language_platform.progress
[0m18:25:08.449575 [debug] [Thread-1 (]: Began executing node seed.language_platform.progress
[0m18:25:08.457574 [debug] [Thread-1 (]: Using duckdb connection "seed.language_platform.progress"
[0m18:25:08.457574 [debug] [Thread-1 (]: On seed.language_platform.progress: /* {"app": "dbt", "dbt_version": "1.11.10", "profile_name": "language_platform", "target_name": "dev", "node_id": "seed.language_platform.progress"} */

      drop table if exists "language_db"."main"."progress" cascade
    
[0m18:25:08.458575 [debug] [Thread-1 (]: Opening a new connection, currently in state closed
[0m18:25:08.462091 [debug] [Thread-1 (]: SQL status: OK in 0.004 seconds
[0m18:25:08.464091 [debug] [Thread-1 (]: Using duckdb connection "seed.language_platform.progress"
[0m18:25:08.465091 [debug] [Thread-1 (]: On seed.language_platform.progress: BEGIN
[0m18:25:08.466096 [debug] [Thread-1 (]: SQL status: OK in 0.000 seconds
[0m18:25:08.467097 [debug] [Thread-1 (]: Using duckdb connection "seed.language_platform.progress"
[0m18:25:08.467097 [debug] [Thread-1 (]: On seed.language_platform.progress: /* {"app": "dbt", "dbt_version": "1.11.10", "profile_name": "language_platform", "target_name": "dev", "node_id": "seed.language_platform.progress"} */

    create table "language_db"."main"."progress" ("user_id" integer,"lesson_id" integer,"score" integer,"status" text)
  
[0m18:25:08.469094 [debug] [Thread-1 (]: SQL status: OK in 0.001 seconds
[0m18:25:08.471091 [debug] [Thread-1 (]: Using duckdb connection "seed.language_platform.progress"
[0m18:25:08.472090 [debug] [Thread-1 (]: On seed.language_platform.progress: 
          COPY "language_db"."main"."progress" FROM 'C:\Users\kartu\Downloads\MGIMO_BigData-main\LAB2\language_platform\seeds\progress.csv' (FORMAT CSV, HEADER TRUE, DELIMITER ',')
        ...
[0m18:25:08.476102 [debug] [Thread-1 (]: SQL status: OK in 0.003 seconds
[0m18:25:08.477100 [debug] [Thread-1 (]: Writing runtime SQL for node "seed.language_platform.progress"
[0m18:25:08.479107 [debug] [Thread-1 (]: On seed.language_platform.progress: COMMIT
[0m18:25:08.480094 [debug] [Thread-1 (]: Using duckdb connection "seed.language_platform.progress"
[0m18:25:08.481112 [debug] [Thread-1 (]: On seed.language_platform.progress: COMMIT
[0m18:25:08.484106 [debug] [Thread-1 (]: SQL status: OK in 0.003 seconds
[0m18:25:08.485122 [debug] [Thread-1 (]: On seed.language_platform.progress: Close
[0m18:25:08.486123 [debug] [Thread-1 (]: Sending event: {'category': 'dbt', 'action': 'run_model', 'label': '7b86bc24-55ee-4b01-bfc1-78dab90f26a3', 'context': [<snowplow_tracker.self_describing_json.SelfDescribingJson object at 0x00000165AA9ADA10>]}
[0m18:25:08.487094 [info ] [Thread-1 (]: 4 of 5 OK loaded seed file main.progress ....................................... [[32mCREATE 5[0m in 0.04s]
[0m18:25:08.488107 [debug] [Thread-1 (]: Finished running node seed.language_platform.progress
[0m18:25:08.489106 [debug] [Thread-1 (]: Began running node seed.language_platform.users
[0m18:25:08.490095 [info ] [Thread-1 (]: 5 of 5 START seed file main.users .............................................. [RUN]
[0m18:25:08.490095 [debug] [Thread-1 (]: Re-using an available connection from the pool (formerly seed.language_platform.progress, now seed.language_platform.users)
[0m18:25:08.491094 [debug] [Thread-1 (]: Began compiling node seed.language_platform.users
[0m18:25:08.492092 [debug] [Thread-1 (]: Began executing node seed.language_platform.users
[0m18:25:08.498090 [debug] [Thread-1 (]: Using duckdb connection "seed.language_platform.users"
[0m18:25:08.498090 [debug] [Thread-1 (]: On seed.language_platform.users: /* {"app": "dbt", "dbt_version": "1.11.10", "profile_name": "language_platform", "target_name": "dev", "node_id": "seed.language_platform.users"} */

      drop table if exists "language_db"."main"."users" cascade
    
[0m18:25:08.499091 [debug] [Thread-1 (]: Opening a new connection, currently in state closed
[0m18:25:08.502093 [debug] [Thread-1 (]: SQL status: OK in 0.003 seconds
[0m18:25:08.504090 [debug] [Thread-1 (]: Using duckdb connection "seed.language_platform.users"
[0m18:25:08.504090 [debug] [Thread-1 (]: On seed.language_platform.users: BEGIN
[0m18:25:08.506096 [debug] [Thread-1 (]: SQL status: OK in 0.000 seconds
[0m18:25:08.506096 [debug] [Thread-1 (]: Using duckdb connection "seed.language_platform.users"
[0m18:25:08.507093 [debug] [Thread-1 (]: On seed.language_platform.users: /* {"app": "dbt", "dbt_version": "1.11.10", "profile_name": "language_platform", "target_name": "dev", "node_id": "seed.language_platform.users"} */

    create table "language_db"."main"."users" ("user_id" integer,"user_name" text,"country" text,"reg_date" date)
  
[0m18:25:08.508099 [debug] [Thread-1 (]: SQL status: OK in 0.001 seconds
[0m18:25:08.510091 [debug] [Thread-1 (]: Using duckdb connection "seed.language_platform.users"
[0m18:25:08.510091 [debug] [Thread-1 (]: On seed.language_platform.users: 
          COPY "language_db"."main"."users" FROM 'C:\Users\kartu\Downloads\MGIMO_BigData-main\LAB2\language_platform\seeds\users.csv' (FORMAT CSV, HEADER TRUE, DELIMITER ',')
        ...
[0m18:25:08.514090 [debug] [Thread-1 (]: SQL status: OK in 0.002 seconds
[0m18:25:08.515098 [debug] [Thread-1 (]: Writing runtime SQL for node "seed.language_platform.users"
[0m18:25:08.518094 [debug] [Thread-1 (]: On seed.language_platform.users: COMMIT
[0m18:25:08.519091 [debug] [Thread-1 (]: Using duckdb connection "seed.language_platform.users"
[0m18:25:08.519091 [debug] [Thread-1 (]: On seed.language_platform.users: COMMIT
[0m18:25:08.523091 [debug] [Thread-1 (]: SQL status: OK in 0.003 seconds
[0m18:25:08.524094 [debug] [Thread-1 (]: On seed.language_platform.users: Close
[0m18:25:08.525096 [debug] [Thread-1 (]: Sending event: {'category': 'dbt', 'action': 'run_model', 'label': '7b86bc24-55ee-4b01-bfc1-78dab90f26a3', 'context': [<snowplow_tracker.self_describing_json.SelfDescribingJson object at 0x00000165AA9BEDD0>]}
[0m18:25:08.525096 [info ] [Thread-1 (]: 5 of 5 OK loaded seed file main.users .......................................... [[32mCREATE 3[0m in 0.03s]
[0m18:25:08.527094 [debug] [Thread-1 (]: Finished running node seed.language_platform.users
[0m18:25:08.529094 [debug] [MainThread]: Using duckdb connection "master"
[0m18:25:08.529094 [debug] [MainThread]: On master: BEGIN
[0m18:25:08.530091 [debug] [MainThread]: Opening a new connection, currently in state closed
[0m18:25:08.531094 [debug] [MainThread]: SQL status: OK in 0.001 seconds
[0m18:25:08.531094 [debug] [MainThread]: On master: COMMIT
[0m18:25:08.532107 [debug] [MainThread]: Using duckdb connection "master"
[0m18:25:08.532107 [debug] [MainThread]: On master: COMMIT
[0m18:25:08.533094 [debug] [MainThread]: SQL status: OK in 0.000 seconds
[0m18:25:08.534093 [debug] [MainThread]: On master: Close
[0m18:25:08.534093 [debug] [MainThread]: Connection 'master' was properly closed.
[0m18:25:08.535092 [debug] [MainThread]: Connection 'create_language_db_main' was properly closed.
[0m18:25:08.536098 [debug] [MainThread]: Connection 'list_language_db_main' was properly closed.
[0m18:25:08.537104 [debug] [MainThread]: Connection 'seed.language_platform.users' was properly closed.
[0m18:25:08.537104 [info ] [MainThread]: 
[0m18:25:08.538097 [info ] [MainThread]: Finished running 5 seeds in 0 hours 0 minutes and 0.47 seconds (0.47s).
[0m18:25:08.540101 [debug] [MainThread]: Command end result
[0m18:25:08.574641 [debug] [MainThread]: Wrote artifact WritableManifest to C:\Users\kartu\Downloads\MGIMO_BigData-main\LAB2\language_platform\target\manifest.json
[0m18:25:08.577614 [debug] [MainThread]: Wrote artifact SemanticManifest to C:\Users\kartu\Downloads\MGIMO_BigData-main\LAB2\language_platform\target\semantic_manifest.json
[0m18:25:08.584613 [debug] [MainThread]: Wrote artifact RunExecutionResult to C:\Users\kartu\Downloads\MGIMO_BigData-main\LAB2\language_platform\target\run_results.json
[0m18:25:08.584613 [info ] [MainThread]: 
[0m18:25:08.585625 [info ] [MainThread]: [32mCompleted successfully[0m
[0m18:25:08.586626 [info ] [MainThread]: 
[0m18:25:08.587621 [info ] [MainThread]: Done. PASS=5 WARN=0 ERROR=0 SKIP=0 NO-OP=0 TOTAL=5
[0m18:25:08.588625 [debug] [MainThread]: Command `dbt seed` succeeded at 18:25:08.588625 after 1.59 seconds
[0m18:25:08.588625 [debug] [MainThread]: Sending event: {'category': 'dbt', 'action': 'invocation', 'label': 'end', 'context': [<snowplow_tracker.self_describing_json.SelfDescribingJson object at 0x00000165A9EBF150>, <snowplow_tracker.self_describing_json.SelfDescribingJson object at 0x00000165A201A290>, <snowplow_tracker.self_describing_json.SelfDescribingJson object at 0x00000165A201A090>]}
[0m18:25:08.589625 [debug] [MainThread]: Flushing usage events
[0m18:25:09.692946 [debug] [MainThread]: An error was encountered while trying to flush usage events
[0m18:25:16.878847 [debug] [MainThread]: Sending event: {'category': 'dbt', 'action': 'invocation', 'label': 'start', 'context': [<snowplow_tracker.self_describing_json.SelfDescribingJson object at 0x000002064BFEC050>, <snowplow_tracker.self_describing_json.SelfDescribingJson object at 0x000002065093C990>, <snowplow_tracker.self_describing_json.SelfDescribingJson object at 0x000002064F658A90>]}


============================== 18:25:16.883265 | 40e826ca-8b93-497f-b54b-c5a7f726e039 ==============================
[0m18:25:16.883265 [info ] [MainThread]: Running with dbt=1.11.10
[0m18:25:16.884317 [debug] [MainThread]: running dbt with arguments {'version_check': 'True', 'no_print': 'None', 'static_parser': 'True', 'target_path': 'None', 'warn_error_options': 'WarnErrorOptionsV2(error=[], warn=[], silence=[])', 'printer_width': '80', 'write_json': 'True', 'introspect': 'True', 'log_cache_events': 'False', 'empty': 'None', 'cache_selected_only': 'False', 'log_format': 'default', 'debug': 'False', 'fail_fast': 'False', 'profiles_dir': 'C:\\Users\\kartu\\.dbt', 'send_anonymous_usage_stats': 'True', 'quiet': 'False', 'warn_error': 'None', 'partial_parse': 'True', 'invocation_command': 'dbt seed', 'use_colors': 'True', 'indirect_selection': 'eager', 'use_experimental_parser': 'False', 'log_path': 'C:\\Users\\kartu\\Downloads\\MGIMO_BigData-main\\LAB2\\language_platform\\logs'}
[0m18:25:17.113026 [debug] [MainThread]: Sending event: {'category': 'dbt', 'action': 'project_id', 'label': '40e826ca-8b93-497f-b54b-c5a7f726e039', 'context': [<snowplow_tracker.self_describing_json.SelfDescribingJson object at 0x0000020650901010>]}
[0m18:25:17.171052 [debug] [MainThread]: Sending event: {'category': 'dbt', 'action': 'adapter_info', 'label': '40e826ca-8b93-497f-b54b-c5a7f726e039', 'context': [<snowplow_tracker.self_describing_json.SelfDescribingJson object at 0x000002064C00D7D0>]}
[0m18:25:17.174053 [info ] [MainThread]: Registered adapter: duckdb=1.10.1
[0m18:25:17.462541 [debug] [MainThread]: checksum: 2f247960199844e016e6a527f21364251736722c6212f4b11e96849fe0fc9e96, vars: {}, profile: , target: , version: 1.11.10
[0m18:25:17.605294 [debug] [MainThread]: Partial parsing enabled: 0 files deleted, 0 files added, 0 files changed.
[0m18:25:17.606293 [debug] [MainThread]: Nothing changed, skipping partial parsing.
[0m18:25:17.606293 [debug] [MainThread]: Partial parsing enabled, no changes found, skipping parsing
[0m18:25:17.654323 [debug] [MainThread]: Sending event: {'category': 'dbt', 'action': 'load_project', 'label': '40e826ca-8b93-497f-b54b-c5a7f726e039', 'context': [<snowplow_tracker.self_describing_json.SelfDescribingJson object at 0x0000020650987290>]}
[0m18:25:17.797583 [debug] [MainThread]: Wrote artifact WritableManifest to C:\Users\kartu\Downloads\MGIMO_BigData-main\LAB2\language_platform\target\manifest.json
[0m18:25:17.800592 [debug] [MainThread]: Wrote artifact SemanticManifest to C:\Users\kartu\Downloads\MGIMO_BigData-main\LAB2\language_platform\target\semantic_manifest.json
[0m18:25:17.816588 [debug] [MainThread]: Sending event: {'category': 'dbt', 'action': 'resource_counts', 'label': '40e826ca-8b93-497f-b54b-c5a7f726e039', 'context': [<snowplow_tracker.self_describing_json.SelfDescribingJson object at 0x0000020650E35E10>]}
[0m18:25:17.817591 [info ] [MainThread]: Found 3 models, 4 data tests, 5 seeds, 477 macros
[0m18:25:17.818594 [debug] [MainThread]: Sending event: {'category': 'dbt', 'action': 'runnable_timing', 'label': '40e826ca-8b93-497f-b54b-c5a7f726e039', 'context': [<snowplow_tracker.self_describing_json.SelfDescribingJson object at 0x0000020650E2F5D0>]}
[0m18:25:17.821592 [info ] [MainThread]: 
[0m18:25:17.821592 [info ] [MainThread]: Concurrency: 1 threads (target='dev')
[0m18:25:17.823590 [info ] [MainThread]: 
[0m18:25:17.824588 [debug] [MainThread]: Acquiring new duckdb connection 'master'
[0m18:25:17.829589 [debug] [ThreadPool]: Acquiring new duckdb connection 'list_language_db'
[0m18:25:17.907836 [debug] [ThreadPool]: Using duckdb connection "list_language_db"
[0m18:25:17.908834 [debug] [ThreadPool]: On list_language_db: /* {"app": "dbt", "dbt_version": "1.11.10", "profile_name": "language_platform", "target_name": "dev", "connection_name": "list_language_db"} */

    
    select schema_name
    from system.information_schema.schemata
    
    where lower(catalog_name) = '"language_db"'
    
  
  
[0m18:25:17.908834 [debug] [ThreadPool]: Opening a new connection, currently in state init
[0m18:25:17.938833 [debug] [ThreadPool]: SQL status: OK in 0.030 seconds
[0m18:25:17.940834 [debug] [ThreadPool]: On list_language_db: Close
[0m18:25:17.941831 [debug] [ThreadPool]: Re-using an available connection from the pool (formerly list_language_db, now create_language_db_main)
[0m18:25:17.942833 [debug] [ThreadPool]: Creating schema "database: "language_db"
schema: "main"
"
[0m18:25:17.948863 [debug] [ThreadPool]: Using duckdb connection "create_language_db_main"
[0m18:25:17.949863 [debug] [ThreadPool]: On create_language_db_main: /* {"app": "dbt", "dbt_version": "1.11.10", "profile_name": "language_platform", "target_name": "dev", "connection_name": "create_language_db_main"} */

    
        select type from duckdb_databases()
        where lower(database_name)='language_db'
        and type='sqlite'
    
  
[0m18:25:17.949863 [debug] [ThreadPool]: Opening a new connection, currently in state closed
[0m18:25:17.951865 [debug] [ThreadPool]: SQL status: OK in 0.001 seconds
[0m18:25:17.952847 [debug] [ThreadPool]: Using duckdb connection "create_language_db_main"
[0m18:25:17.953846 [debug] [ThreadPool]: On create_language_db_main: BEGIN
[0m18:25:17.954863 [debug] [ThreadPool]: SQL status: OK in 0.000 seconds
[0m18:25:17.954863 [debug] [ThreadPool]: Using duckdb connection "create_language_db_main"
[0m18:25:17.955863 [debug] [ThreadPool]: On create_language_db_main: /* {"app": "dbt", "dbt_version": "1.11.10", "profile_name": "language_platform", "target_name": "dev", "connection_name": "create_language_db_main"} */

    
    
        create schema if not exists "language_db"."main"
    
[0m18:25:17.956847 [debug] [ThreadPool]: SQL status: OK in 0.000 seconds
[0m18:25:17.957847 [debug] [ThreadPool]: On create_language_db_main: COMMIT
[0m18:25:17.957847 [debug] [ThreadPool]: Using duckdb connection "create_language_db_main"
[0m18:25:17.958864 [debug] [ThreadPool]: On create_language_db_main: COMMIT
[0m18:25:17.959864 [debug] [ThreadPool]: SQL status: OK in 0.000 seconds
[0m18:25:17.960847 [debug] [ThreadPool]: On create_language_db_main: Close
[0m18:25:17.962883 [debug] [ThreadPool]: Acquiring new duckdb connection 'list_language_db_main'
[0m18:25:17.968883 [debug] [ThreadPool]: Using duckdb connection "list_language_db_main"
[0m18:25:17.969883 [debug] [ThreadPool]: On list_language_db_main: BEGIN
[0m18:25:17.969883 [debug] [ThreadPool]: Opening a new connection, currently in state init
[0m18:25:17.970875 [debug] [ThreadPool]: SQL status: OK in 0.001 seconds
[0m18:25:17.971883 [debug] [ThreadPool]: Using duckdb connection "list_language_db_main"
[0m18:25:17.971883 [debug] [ThreadPool]: On list_language_db_main: /* {"app": "dbt", "dbt_version": "1.11.10", "profile_name": "language_platform", "target_name": "dev", "connection_name": "list_language_db_main"} */
select
      'language_db' as database,
      table_name as name,
      table_schema as schema,
      CASE table_type
        WHEN 'BASE TABLE' THEN 'table'
        WHEN 'VIEW' THEN 'view'
        WHEN 'LOCAL TEMPORARY' THEN 'table'
        END as type
    from system.information_schema.tables
    where lower(table_schema) = 'main'
    and lower(table_catalog) = 'language_db'
  
[0m18:25:17.976909 [debug] [ThreadPool]: SQL status: OK in 0.004 seconds
[0m18:25:17.977903 [debug] [ThreadPool]: On list_language_db_main: ROLLBACK
[0m18:25:17.979902 [debug] [ThreadPool]: Failed to rollback 'list_language_db_main'
[0m18:25:17.979902 [debug] [ThreadPool]: On list_language_db_main: Close
[0m18:25:17.981903 [debug] [MainThread]: Sending event: {'category': 'dbt', 'action': 'runnable_timing', 'label': '40e826ca-8b93-497f-b54b-c5a7f726e039', 'context': [<snowplow_tracker.self_describing_json.SelfDescribingJson object at 0x000002064DE97B90>]}
[0m18:25:17.982919 [debug] [MainThread]: Using duckdb connection "master"
[0m18:25:17.982919 [debug] [MainThread]: On master: BEGIN
[0m18:25:17.983920 [debug] [MainThread]: Opening a new connection, currently in state init
[0m18:25:17.983920 [debug] [MainThread]: SQL status: OK in 0.001 seconds
[0m18:25:17.984919 [debug] [MainThread]: On master: COMMIT
[0m18:25:17.984919 [debug] [MainThread]: Using duckdb connection "master"
[0m18:25:17.985894 [debug] [MainThread]: On master: COMMIT
[0m18:25:17.986894 [debug] [MainThread]: SQL status: OK in 0.000 seconds
[0m18:25:17.986894 [debug] [MainThread]: On master: Close
[0m18:25:17.990919 [debug] [Thread-1 (]: Began running node seed.language_platform.exercises
[0m18:25:17.991894 [info ] [Thread-1 (]: 1 of 5 START seed file main.exercises .......................................... [RUN]
[0m18:25:17.992893 [debug] [Thread-1 (]: Acquiring new duckdb connection 'seed.language_platform.exercises'
[0m18:25:17.993909 [debug] [Thread-1 (]: Began compiling node seed.language_platform.exercises
[0m18:25:17.994921 [debug] [Thread-1 (]: Began executing node seed.language_platform.exercises
[0m18:25:18.026902 [debug] [Thread-1 (]: Using duckdb connection "seed.language_platform.exercises"
[0m18:25:18.027904 [debug] [Thread-1 (]: On seed.language_platform.exercises: BEGIN
[0m18:25:18.027904 [debug] [Thread-1 (]: Opening a new connection, currently in state init
[0m18:25:18.029902 [debug] [Thread-1 (]: SQL status: OK in 0.002 seconds
[0m18:25:18.029902 [debug] [Thread-1 (]: Using duckdb connection "seed.language_platform.exercises"
[0m18:25:18.030902 [debug] [Thread-1 (]: On seed.language_platform.exercises: /* {"app": "dbt", "dbt_version": "1.11.10", "profile_name": "language_platform", "target_name": "dev", "node_id": "seed.language_platform.exercises"} */
truncate table "language_db"."main"."exercises"
[0m18:25:18.031902 [debug] [Thread-1 (]: SQL status: OK in 0.001 seconds
[0m18:25:18.042891 [debug] [Thread-1 (]: Using duckdb connection "seed.language_platform.exercises"
[0m18:25:18.043889 [debug] [Thread-1 (]: On seed.language_platform.exercises: 
          COPY "language_db"."main"."exercises" FROM 'C:\Users\kartu\Downloads\MGIMO_BigData-main\LAB2\language_platform\seeds\exercises.csv' (FORMAT CSV, HEADER TRUE, DELIMITER ',')
        ...
[0m18:25:18.048890 [debug] [Thread-1 (]: SQL status: OK in 0.004 seconds
[0m18:25:18.053887 [debug] [Thread-1 (]: Writing runtime SQL for node "seed.language_platform.exercises"
[0m18:25:18.065890 [debug] [Thread-1 (]: On seed.language_platform.exercises: COMMIT
[0m18:25:18.066890 [debug] [Thread-1 (]: Using duckdb connection "seed.language_platform.exercises"
[0m18:25:18.067893 [debug] [Thread-1 (]: On seed.language_platform.exercises: COMMIT
[0m18:25:18.085175 [debug] [Thread-1 (]: SQL status: OK in 0.017 seconds
[0m18:25:18.087158 [debug] [Thread-1 (]: On seed.language_platform.exercises: Close
[0m18:25:18.090174 [debug] [Thread-1 (]: Sending event: {'category': 'dbt', 'action': 'run_model', 'label': '40e826ca-8b93-497f-b54b-c5a7f726e039', 'context': [<snowplow_tracker.self_describing_json.SelfDescribingJson object at 0x0000020651360590>]}
[0m18:25:18.091174 [info ] [Thread-1 (]: 1 of 5 OK loaded seed file main.exercises ...................................... [[32mINSERT 3[0m in 0.10s]
[0m18:25:18.092174 [debug] [Thread-1 (]: Finished running node seed.language_platform.exercises
[0m18:25:18.093158 [debug] [Thread-1 (]: Began running node seed.language_platform.languages
[0m18:25:18.093158 [info ] [Thread-1 (]: 2 of 5 START seed file main.languages .......................................... [RUN]
[0m18:25:18.094174 [debug] [Thread-1 (]: Re-using an available connection from the pool (formerly seed.language_platform.exercises, now seed.language_platform.languages)
[0m18:25:18.095174 [debug] [Thread-1 (]: Began compiling node seed.language_platform.languages
[0m18:25:18.095174 [debug] [Thread-1 (]: Began executing node seed.language_platform.languages
[0m18:25:18.102158 [debug] [Thread-1 (]: Using duckdb connection "seed.language_platform.languages"
[0m18:25:18.102158 [debug] [Thread-1 (]: On seed.language_platform.languages: BEGIN
[0m18:25:18.103158 [debug] [Thread-1 (]: Opening a new connection, currently in state closed
[0m18:25:18.104174 [debug] [Thread-1 (]: SQL status: OK in 0.001 seconds
[0m18:25:18.105159 [debug] [Thread-1 (]: Using duckdb connection "seed.language_platform.languages"
[0m18:25:18.105159 [debug] [Thread-1 (]: On seed.language_platform.languages: /* {"app": "dbt", "dbt_version": "1.11.10", "profile_name": "language_platform", "target_name": "dev", "node_id": "seed.language_platform.languages"} */
truncate table "language_db"."main"."languages"
[0m18:25:18.106174 [debug] [Thread-1 (]: SQL status: OK in 0.001 seconds
[0m18:25:18.108153 [debug] [Thread-1 (]: Using duckdb connection "seed.language_platform.languages"
[0m18:25:18.109159 [debug] [Thread-1 (]: On seed.language_platform.languages: 
          COPY "language_db"."main"."languages" FROM 'C:\Users\kartu\Downloads\MGIMO_BigData-main\LAB2\language_platform\seeds\languages.csv' (FORMAT CSV, HEADER TRUE, DELIMITER ',')
        ...
[0m18:25:18.112148 [debug] [Thread-1 (]: SQL status: OK in 0.002 seconds
[0m18:25:18.113165 [debug] [Thread-1 (]: Writing runtime SQL for node "seed.language_platform.languages"
[0m18:25:18.115158 [debug] [Thread-1 (]: On seed.language_platform.languages: COMMIT
[0m18:25:18.116150 [debug] [Thread-1 (]: Using duckdb connection "seed.language_platform.languages"
[0m18:25:18.116150 [debug] [Thread-1 (]: On seed.language_platform.languages: COMMIT
[0m18:25:18.120147 [debug] [Thread-1 (]: SQL status: OK in 0.003 seconds
[0m18:25:18.122145 [debug] [Thread-1 (]: On seed.language_platform.languages: Close
[0m18:25:18.122145 [debug] [Thread-1 (]: Sending event: {'category': 'dbt', 'action': 'run_model', 'label': '40e826ca-8b93-497f-b54b-c5a7f726e039', 'context': [<snowplow_tracker.self_describing_json.SelfDescribingJson object at 0x0000020651404090>]}
[0m18:25:18.123144 [info ] [Thread-1 (]: 2 of 5 OK loaded seed file main.languages ...................................... [[32mINSERT 3[0m in 0.03s]
[0m18:25:18.125150 [debug] [Thread-1 (]: Finished running node seed.language_platform.languages
[0m18:25:18.125150 [debug] [Thread-1 (]: Began running node seed.language_platform.lessons
[0m18:25:18.126147 [info ] [Thread-1 (]: 3 of 5 START seed file main.lessons ............................................ [RUN]
[0m18:25:18.127144 [debug] [Thread-1 (]: Re-using an available connection from the pool (formerly seed.language_platform.languages, now seed.language_platform.lessons)
[0m18:25:18.128145 [debug] [Thread-1 (]: Began compiling node seed.language_platform.lessons
[0m18:25:18.128145 [debug] [Thread-1 (]: Began executing node seed.language_platform.lessons
[0m18:25:18.134144 [debug] [Thread-1 (]: Using duckdb connection "seed.language_platform.lessons"
[0m18:25:18.135144 [debug] [Thread-1 (]: On seed.language_platform.lessons: BEGIN
[0m18:25:18.136146 [debug] [Thread-1 (]: Opening a new connection, currently in state closed
[0m18:25:18.137145 [debug] [Thread-1 (]: SQL status: OK in 0.001 seconds
[0m18:25:18.137145 [debug] [Thread-1 (]: Using duckdb connection "seed.language_platform.lessons"
[0m18:25:18.138144 [debug] [Thread-1 (]: On seed.language_platform.lessons: /* {"app": "dbt", "dbt_version": "1.11.10", "profile_name": "language_platform", "target_name": "dev", "node_id": "seed.language_platform.lessons"} */
truncate table "language_db"."main"."lessons"
[0m18:25:18.139145 [debug] [Thread-1 (]: SQL status: OK in 0.001 seconds
[0m18:25:18.141147 [debug] [Thread-1 (]: Using duckdb connection "seed.language_platform.lessons"
[0m18:25:18.142148 [debug] [Thread-1 (]: On seed.language_platform.lessons: 
          COPY "language_db"."main"."lessons" FROM 'C:\Users\kartu\Downloads\MGIMO_BigData-main\LAB2\language_platform\seeds\lessons.csv' (FORMAT CSV, HEADER TRUE, DELIMITER ',')
        ...
[0m18:25:18.145146 [debug] [Thread-1 (]: SQL status: OK in 0.002 seconds
[0m18:25:18.146153 [debug] [Thread-1 (]: Writing runtime SQL for node "seed.language_platform.lessons"
[0m18:25:18.149159 [debug] [Thread-1 (]: On seed.language_platform.lessons: COMMIT
[0m18:25:18.150158 [debug] [Thread-1 (]: Using duckdb connection "seed.language_platform.lessons"
[0m18:25:18.150158 [debug] [Thread-1 (]: On seed.language_platform.lessons: COMMIT
[0m18:25:18.154163 [debug] [Thread-1 (]: SQL status: OK in 0.003 seconds
[0m18:25:18.155158 [debug] [Thread-1 (]: On seed.language_platform.lessons: Close
[0m18:25:18.156158 [debug] [Thread-1 (]: Sending event: {'category': 'dbt', 'action': 'run_model', 'label': '40e826ca-8b93-497f-b54b-c5a7f726e039', 'context': [<snowplow_tracker.self_describing_json.SelfDescribingJson object at 0x00000206513E8350>]}
[0m18:25:18.156158 [info ] [Thread-1 (]: 3 of 5 OK loaded seed file main.lessons ........................................ [[32mINSERT 4[0m in 0.03s]
[0m18:25:18.158174 [debug] [Thread-1 (]: Finished running node seed.language_platform.lessons
[0m18:25:18.158174 [debug] [Thread-1 (]: Began running node seed.language_platform.progress
[0m18:25:18.159158 [info ] [Thread-1 (]: 4 of 5 START seed file main.progress ........................................... [RUN]
[0m18:25:18.160162 [debug] [Thread-1 (]: Re-using an available connection from the pool (formerly seed.language_platform.lessons, now seed.language_platform.progress)
[0m18:25:18.161175 [debug] [Thread-1 (]: Began compiling node seed.language_platform.progress
[0m18:25:18.161175 [debug] [Thread-1 (]: Began executing node seed.language_platform.progress
[0m18:25:18.167183 [debug] [Thread-1 (]: Using duckdb connection "seed.language_platform.progress"
[0m18:25:18.168193 [debug] [Thread-1 (]: On seed.language_platform.progress: BEGIN
[0m18:25:18.168193 [debug] [Thread-1 (]: Opening a new connection, currently in state closed
[0m18:25:18.169185 [debug] [Thread-1 (]: SQL status: OK in 0.001 seconds
[0m18:25:18.170182 [debug] [Thread-1 (]: Using duckdb connection "seed.language_platform.progress"
[0m18:25:18.170182 [debug] [Thread-1 (]: On seed.language_platform.progress: /* {"app": "dbt", "dbt_version": "1.11.10", "profile_name": "language_platform", "target_name": "dev", "node_id": "seed.language_platform.progress"} */
truncate table "language_db"."main"."progress"
[0m18:25:18.171185 [debug] [Thread-1 (]: SQL status: OK in 0.001 seconds
[0m18:25:18.173182 [debug] [Thread-1 (]: Using duckdb connection "seed.language_platform.progress"
[0m18:25:18.173182 [debug] [Thread-1 (]: On seed.language_platform.progress: 
          COPY "language_db"."main"."progress" FROM 'C:\Users\kartu\Downloads\MGIMO_BigData-main\LAB2\language_platform\seeds\progress.csv' (FORMAT CSV, HEADER TRUE, DELIMITER ',')
        ...
[0m18:25:18.176701 [debug] [Thread-1 (]: SQL status: OK in 0.003 seconds
[0m18:25:18.178715 [debug] [Thread-1 (]: Writing runtime SQL for node "seed.language_platform.progress"
[0m18:25:18.180709 [debug] [Thread-1 (]: On seed.language_platform.progress: COMMIT
[0m18:25:18.181714 [debug] [Thread-1 (]: Using duckdb connection "seed.language_platform.progress"
[0m18:25:18.181714 [debug] [Thread-1 (]: On seed.language_platform.progress: COMMIT
[0m18:25:18.187709 [debug] [Thread-1 (]: SQL status: OK in 0.005 seconds
[0m18:25:18.189714 [debug] [Thread-1 (]: On seed.language_platform.progress: Close
[0m18:25:18.189714 [debug] [Thread-1 (]: Sending event: {'category': 'dbt', 'action': 'run_model', 'label': '40e826ca-8b93-497f-b54b-c5a7f726e039', 'context': [<snowplow_tracker.self_describing_json.SelfDescribingJson object at 0x000002065143F0D0>]}
[0m18:25:18.190709 [info ] [Thread-1 (]: 4 of 5 OK loaded seed file main.progress ....................................... [[32mINSERT 5[0m in 0.03s]
[0m18:25:18.191710 [debug] [Thread-1 (]: Finished running node seed.language_platform.progress
[0m18:25:18.192714 [debug] [Thread-1 (]: Began running node seed.language_platform.users
[0m18:25:18.193711 [info ] [Thread-1 (]: 5 of 5 START seed file main.users .............................................. [RUN]
[0m18:25:18.194711 [debug] [Thread-1 (]: Re-using an available connection from the pool (formerly seed.language_platform.progress, now seed.language_platform.users)
[0m18:25:18.194711 [debug] [Thread-1 (]: Began compiling node seed.language_platform.users
[0m18:25:18.195714 [debug] [Thread-1 (]: Began executing node seed.language_platform.users
[0m18:25:18.202712 [debug] [Thread-1 (]: Using duckdb connection "seed.language_platform.users"
[0m18:25:18.203707 [debug] [Thread-1 (]: On seed.language_platform.users: BEGIN
[0m18:25:18.203707 [debug] [Thread-1 (]: Opening a new connection, currently in state closed
[0m18:25:18.204708 [debug] [Thread-1 (]: SQL status: OK in 0.001 seconds
[0m18:25:18.205721 [debug] [Thread-1 (]: Using duckdb connection "seed.language_platform.users"
[0m18:25:18.205721 [debug] [Thread-1 (]: On seed.language_platform.users: /* {"app": "dbt", "dbt_version": "1.11.10", "profile_name": "language_platform", "target_name": "dev", "node_id": "seed.language_platform.users"} */
truncate table "language_db"."main"."users"
[0m18:25:18.207713 [debug] [Thread-1 (]: SQL status: OK in 0.001 seconds
[0m18:25:18.209716 [debug] [Thread-1 (]: Using duckdb connection "seed.language_platform.users"
[0m18:25:18.210714 [debug] [Thread-1 (]: On seed.language_platform.users: 
          COPY "language_db"."main"."users" FROM 'C:\Users\kartu\Downloads\MGIMO_BigData-main\LAB2\language_platform\seeds\users.csv' (FORMAT CSV, HEADER TRUE, DELIMITER ',')
        ...
[0m18:25:18.214708 [debug] [Thread-1 (]: SQL status: OK in 0.003 seconds
[0m18:25:18.215725 [debug] [Thread-1 (]: Writing runtime SQL for node "seed.language_platform.users"
[0m18:25:18.218710 [debug] [Thread-1 (]: On seed.language_platform.users: COMMIT
[0m18:25:18.218710 [debug] [Thread-1 (]: Using duckdb connection "seed.language_platform.users"
[0m18:25:18.219709 [debug] [Thread-1 (]: On seed.language_platform.users: COMMIT
[0m18:25:18.223720 [debug] [Thread-1 (]: SQL status: OK in 0.003 seconds
[0m18:25:18.224711 [debug] [Thread-1 (]: On seed.language_platform.users: Close
[0m18:25:18.225712 [debug] [Thread-1 (]: Sending event: {'category': 'dbt', 'action': 'run_model', 'label': '40e826ca-8b93-497f-b54b-c5a7f726e039', 'context': [<snowplow_tracker.self_describing_json.SelfDescribingJson object at 0x0000020651440890>]}
[0m18:25:18.226707 [info ] [Thread-1 (]: 5 of 5 OK loaded seed file main.users .......................................... [[32mINSERT 3[0m in 0.03s]
[0m18:25:18.227708 [debug] [Thread-1 (]: Finished running node seed.language_platform.users
[0m18:25:18.229713 [debug] [MainThread]: Using duckdb connection "master"
[0m18:25:18.229713 [debug] [MainThread]: On master: BEGIN
[0m18:25:18.230714 [debug] [MainThread]: Opening a new connection, currently in state closed
[0m18:25:18.231712 [debug] [MainThread]: SQL status: OK in 0.001 seconds
[0m18:25:18.232707 [debug] [MainThread]: On master: COMMIT
[0m18:25:18.232707 [debug] [MainThread]: Using duckdb connection "master"
[0m18:25:18.232707 [debug] [MainThread]: On master: COMMIT
[0m18:25:18.233708 [debug] [MainThread]: SQL status: OK in 0.000 seconds
[0m18:25:18.234710 [debug] [MainThread]: On master: Close
[0m18:25:18.234710 [debug] [MainThread]: Connection 'master' was properly closed.
[0m18:25:18.235712 [debug] [MainThread]: Connection 'create_language_db_main' was properly closed.
[0m18:25:18.235712 [debug] [MainThread]: Connection 'list_language_db_main' was properly closed.
[0m18:25:18.236717 [debug] [MainThread]: Connection 'seed.language_platform.users' was properly closed.
[0m18:25:18.236717 [info ] [MainThread]: 
[0m18:25:18.237722 [info ] [MainThread]: Finished running 5 seeds in 0 hours 0 minutes and 0.41 seconds (0.41s).
[0m18:25:18.239711 [debug] [MainThread]: Command end result
[0m18:25:18.274727 [debug] [MainThread]: Wrote artifact WritableManifest to C:\Users\kartu\Downloads\MGIMO_BigData-main\LAB2\language_platform\target\manifest.json
[0m18:25:18.277287 [debug] [MainThread]: Wrote artifact SemanticManifest to C:\Users\kartu\Downloads\MGIMO_BigData-main\LAB2\language_platform\target\semantic_manifest.json
[0m18:25:18.284304 [debug] [MainThread]: Wrote artifact RunExecutionResult to C:\Users\kartu\Downloads\MGIMO_BigData-main\LAB2\language_platform\target\run_results.json
[0m18:25:18.284304 [info ] [MainThread]: 
[0m18:25:18.286289 [info ] [MainThread]: [32mCompleted successfully[0m
[0m18:25:18.287291 [info ] [MainThread]: 
[0m18:25:18.288292 [info ] [MainThread]: Done. PASS=5 WARN=0 ERROR=0 SKIP=0 NO-OP=0 TOTAL=5
[0m18:25:18.289290 [debug] [MainThread]: Command `dbt seed` succeeded at 18:25:18.289290 after 1.50 seconds
[0m18:25:18.290307 [debug] [MainThread]: Sending event: {'category': 'dbt', 'action': 'invocation', 'label': 'end', 'context': [<snowplow_tracker.self_describing_json.SelfDescribingJson object at 0x0000020648A8A110>, <snowplow_tracker.self_describing_json.SelfDescribingJson object at 0x0000020648A89FD0>, <snowplow_tracker.self_describing_json.SelfDescribingJson object at 0x0000020648A8A550>]}
[0m18:25:18.291278 [debug] [MainThread]: Flushing usage events
[0m18:25:19.294925 [debug] [MainThread]: An error was encountered while trying to flush usage events
[0m18:26:45.777120 [debug] [MainThread]: Sending event: {'category': 'dbt', 'action': 'invocation', 'label': 'start', 'context': [<snowplow_tracker.self_describing_json.SelfDescribingJson object at 0x000002324B7F0390>, <snowplow_tracker.self_describing_json.SelfDescribingJson object at 0x000002324C88ED10>, <snowplow_tracker.self_describing_json.SelfDescribingJson object at 0x000002324C860D10>]}


============================== 18:26:45.782129 | c4172423-fa8b-4166-8594-82194dd078fa ==============================
[0m18:26:45.782129 [info ] [MainThread]: Running with dbt=1.11.10
[0m18:26:45.783145 [debug] [MainThread]: running dbt with arguments {'static_parser': 'True', 'no_print': 'None', 'version_check': 'True', 'warn_error_options': 'WarnErrorOptionsV2(error=[], warn=[], silence=[])', 'target_path': 'None', 'printer_width': '80', 'write_json': 'True', 'introspect': 'True', 'log_cache_events': 'False', 'empty': 'False', 'cache_selected_only': 'False', 'log_format': 'default', 'debug': 'False', 'fail_fast': 'False', 'partial_parse': 'True', 'send_anonymous_usage_stats': 'True', 'quiet': 'False', 'warn_error': 'None', 'profiles_dir': 'C:\\Users\\kartu\\.dbt', 'invocation_command': 'dbt run', 'use_colors': 'True', 'indirect_selection': 'eager', 'use_experimental_parser': 'False', 'log_path': 'C:\\Users\\kartu\\Downloads\\MGIMO_BigData-main\\LAB2\\language_platform\\logs'}
[0m18:26:46.018609 [debug] [MainThread]: Sending event: {'category': 'dbt', 'action': 'project_id', 'label': 'c4172423-fa8b-4166-8594-82194dd078fa', 'context': [<snowplow_tracker.self_describing_json.SelfDescribingJson object at 0x000002324CA985D0>]}
[0m18:26:46.077939 [debug] [MainThread]: Sending event: {'category': 'dbt', 'action': 'adapter_info', 'label': 'c4172423-fa8b-4166-8594-82194dd078fa', 'context': [<snowplow_tracker.self_describing_json.SelfDescribingJson object at 0x000002324A7F13D0>]}
[0m18:26:46.081124 [info ] [MainThread]: Registered adapter: duckdb=1.10.1
[0m18:26:46.373145 [debug] [MainThread]: checksum: 2f247960199844e016e6a527f21364251736722c6212f4b11e96849fe0fc9e96, vars: {}, profile: , target: , version: 1.11.10
[0m18:26:46.524928 [debug] [MainThread]: Partial parsing enabled: 0 files deleted, 1 files added, 0 files changed.
[0m18:26:46.525929 [debug] [MainThread]: Partial parsing: added file: language_platform://models\mrt_user_learning_progress.sql
[0m18:26:46.832586 [debug] [MainThread]: Sending event: {'category': 'dbt', 'action': 'load_project', 'label': 'c4172423-fa8b-4166-8594-82194dd078fa', 'context': [<snowplow_tracker.self_describing_json.SelfDescribingJson object at 0x000002324C8DF890>]}
[0m18:26:46.921972 [debug] [MainThread]: Wrote artifact WritableManifest to C:\Users\kartu\Downloads\MGIMO_BigData-main\LAB2\language_platform\target\manifest.json
[0m18:26:46.925961 [debug] [MainThread]: Wrote artifact SemanticManifest to C:\Users\kartu\Downloads\MGIMO_BigData-main\LAB2\language_platform\target\semantic_manifest.json
[0m18:26:46.942956 [debug] [MainThread]: Sending event: {'category': 'dbt', 'action': 'resource_counts', 'label': 'c4172423-fa8b-4166-8594-82194dd078fa', 'context': [<snowplow_tracker.self_describing_json.SelfDescribingJson object at 0x000002324CAB9F10>]}
[0m18:26:46.943957 [info ] [MainThread]: Found 4 models, 4 data tests, 5 seeds, 477 macros
[0m18:26:46.944943 [debug] [MainThread]: Sending event: {'category': 'dbt', 'action': 'runnable_timing', 'label': 'c4172423-fa8b-4166-8594-82194dd078fa', 'context': [<snowplow_tracker.self_describing_json.SelfDescribingJson object at 0x000002324CCC3A10>]}
[0m18:26:46.946972 [info ] [MainThread]: 
[0m18:26:46.947959 [info ] [MainThread]: Concurrency: 1 threads (target='dev')
[0m18:26:46.947959 [info ] [MainThread]: 
[0m18:26:46.948944 [debug] [MainThread]: Acquiring new duckdb connection 'master'
[0m18:26:46.953972 [debug] [ThreadPool]: Acquiring new duckdb connection 'list_language_db'
[0m18:26:47.034456 [debug] [ThreadPool]: Using duckdb connection "list_language_db"
[0m18:26:47.035456 [debug] [ThreadPool]: On list_language_db: /* {"app": "dbt", "dbt_version": "1.11.10", "profile_name": "language_platform", "target_name": "dev", "connection_name": "list_language_db"} */

    
    select schema_name
    from system.information_schema.schemata
    
    where lower(catalog_name) = '"language_db"'
    
  
  
[0m18:26:47.035456 [debug] [ThreadPool]: Opening a new connection, currently in state init
[0m18:26:47.064462 [debug] [ThreadPool]: SQL status: OK in 0.029 seconds
[0m18:26:47.066463 [debug] [ThreadPool]: On list_language_db: Close
[0m18:26:47.067487 [debug] [ThreadPool]: Re-using an available connection from the pool (formerly list_language_db, now create_language_db_main)
[0m18:26:47.067487 [debug] [ThreadPool]: Creating schema "database: "language_db"
schema: "main"
"
[0m18:26:47.074487 [debug] [ThreadPool]: Using duckdb connection "create_language_db_main"
[0m18:26:47.075474 [debug] [ThreadPool]: On create_language_db_main: /* {"app": "dbt", "dbt_version": "1.11.10", "profile_name": "language_platform", "target_name": "dev", "connection_name": "create_language_db_main"} */

    
        select type from duckdb_databases()
        where lower(database_name)='language_db'
        and type='sqlite'
    
  
[0m18:26:47.075474 [debug] [ThreadPool]: Opening a new connection, currently in state closed
[0m18:26:47.077471 [debug] [ThreadPool]: SQL status: OK in 0.001 seconds
[0m18:26:47.079475 [debug] [ThreadPool]: Using duckdb connection "create_language_db_main"
[0m18:26:47.080475 [debug] [ThreadPool]: On create_language_db_main: BEGIN
[0m18:26:47.081473 [debug] [ThreadPool]: SQL status: OK in 0.000 seconds
[0m18:26:47.082456 [debug] [ThreadPool]: Using duckdb connection "create_language_db_main"
[0m18:26:47.082456 [debug] [ThreadPool]: On create_language_db_main: /* {"app": "dbt", "dbt_version": "1.11.10", "profile_name": "language_platform", "target_name": "dev", "connection_name": "create_language_db_main"} */

    
    
        create schema if not exists "language_db"."main"
    
[0m18:26:47.083476 [debug] [ThreadPool]: SQL status: OK in 0.000 seconds
[0m18:26:47.084477 [debug] [ThreadPool]: On create_language_db_main: COMMIT
[0m18:26:47.085493 [debug] [ThreadPool]: Using duckdb connection "create_language_db_main"
[0m18:26:47.085493 [debug] [ThreadPool]: On create_language_db_main: COMMIT
[0m18:26:47.086495 [debug] [ThreadPool]: SQL status: OK in 0.000 seconds
[0m18:26:47.086495 [debug] [ThreadPool]: On create_language_db_main: Close
[0m18:26:47.089477 [debug] [ThreadPool]: Acquiring new duckdb connection 'list_language_db_main'
[0m18:26:47.095470 [debug] [ThreadPool]: Using duckdb connection "list_language_db_main"
[0m18:26:47.096478 [debug] [ThreadPool]: On list_language_db_main: BEGIN
[0m18:26:47.097466 [debug] [ThreadPool]: Opening a new connection, currently in state init
[0m18:26:47.097466 [debug] [ThreadPool]: SQL status: OK in 0.001 seconds
[0m18:26:47.098989 [debug] [ThreadPool]: Using duckdb connection "list_language_db_main"
[0m18:26:47.098989 [debug] [ThreadPool]: On list_language_db_main: /* {"app": "dbt", "dbt_version": "1.11.10", "profile_name": "language_platform", "target_name": "dev", "connection_name": "list_language_db_main"} */
select
      'language_db' as database,
      table_name as name,
      table_schema as schema,
      CASE table_type
        WHEN 'BASE TABLE' THEN 'table'
        WHEN 'VIEW' THEN 'view'
        WHEN 'LOCAL TEMPORARY' THEN 'table'
        END as type
    from system.information_schema.tables
    where lower(table_schema) = 'main'
    and lower(table_catalog) = 'language_db'
  
[0m18:26:47.102985 [debug] [ThreadPool]: SQL status: OK in 0.004 seconds
[0m18:26:47.104986 [debug] [ThreadPool]: On list_language_db_main: ROLLBACK
[0m18:26:47.105988 [debug] [ThreadPool]: Failed to rollback 'list_language_db_main'
[0m18:26:47.106987 [debug] [ThreadPool]: On list_language_db_main: Close
[0m18:26:47.108972 [debug] [MainThread]: Sending event: {'category': 'dbt', 'action': 'runnable_timing', 'label': 'c4172423-fa8b-4166-8594-82194dd078fa', 'context': [<snowplow_tracker.self_describing_json.SelfDescribingJson object at 0x000002324CEAA950>]}
[0m18:26:47.109968 [debug] [MainThread]: Using duckdb connection "master"
[0m18:26:47.110966 [debug] [MainThread]: On master: BEGIN
[0m18:26:47.110966 [debug] [MainThread]: Opening a new connection, currently in state init
[0m18:26:47.111965 [debug] [MainThread]: SQL status: OK in 0.001 seconds
[0m18:26:47.111965 [debug] [MainThread]: On master: COMMIT
[0m18:26:47.112965 [debug] [MainThread]: Using duckdb connection "master"
[0m18:26:47.112965 [debug] [MainThread]: On master: COMMIT
[0m18:26:47.113967 [debug] [MainThread]: SQL status: OK in 0.000 seconds
[0m18:26:47.114967 [debug] [MainThread]: On master: Close
[0m18:26:47.118969 [debug] [Thread-1 (]: Began running node model.language_platform.language_viz
[0m18:26:47.119969 [info ] [Thread-1 (]: 1 of 4 START sql table model main.language_viz ................................. [RUN]
[0m18:26:47.120966 [debug] [Thread-1 (]: Acquiring new duckdb connection 'model.language_platform.language_viz'
[0m18:26:47.121967 [debug] [Thread-1 (]: Began compiling node model.language_platform.language_viz
[0m18:26:47.129968 [debug] [Thread-1 (]: Writing injected SQL for node "model.language_platform.language_viz"
[0m18:26:47.130968 [debug] [Thread-1 (]: Began executing node model.language_platform.language_viz
[0m18:26:47.169000 [debug] [Thread-1 (]: Writing runtime sql for node "model.language_platform.language_viz"
[0m18:26:47.169978 [debug] [Thread-1 (]: Using duckdb connection "model.language_platform.language_viz"
[0m18:26:47.170995 [debug] [Thread-1 (]: On model.language_platform.language_viz: BEGIN
[0m18:26:47.171973 [debug] [Thread-1 (]: Opening a new connection, currently in state init
[0m18:26:47.172982 [debug] [Thread-1 (]: SQL status: OK in 0.001 seconds
[0m18:26:47.172982 [debug] [Thread-1 (]: Using duckdb connection "model.language_platform.language_viz"
[0m18:26:47.173995 [debug] [Thread-1 (]: On model.language_platform.language_viz: /* {"app": "dbt", "dbt_version": "1.11.10", "profile_name": "language_platform", "target_name": "dev", "node_id": "model.language_platform.language_viz"} */

  
    
    

    create  table
      "language_db"."main"."language_viz__dbt_tmp"
  
    as (
      

select 
    language,
    count(user_id) as total_students,
    avg(score) as average_score
from "language_db"."main"."progress"
where status = 'completed'
group by 1
    );
  
  
[0m18:26:47.174996 [debug] [Thread-1 (]: DuckDB adapter: duckdb error: Binder Error: Referenced column "language" not found in FROM clause!
Candidate bindings: "status"

LINE 14:     language,
             ^
[0m18:26:47.175995 [debug] [Thread-1 (]: DuckDB adapter: Error running SQL: /* {"app": "dbt", "dbt_version": "1.11.10", "profile_name": "language_platform", "target_name": "dev", "node_id": "model.language_platform.language_viz"} */

  
    
    

    create  table
      "language_db"."main"."language_viz__dbt_tmp"
  
    as (
      

select 
    language,
    count(user_id) as total_students,
    avg(score) as average_score
from "language_db"."main"."progress"
where status = 'completed'
group by 1
    );
  
  
[0m18:26:47.175995 [debug] [Thread-1 (]: DuckDB adapter: Rolling back transaction.
[0m18:26:47.176994 [debug] [Thread-1 (]: On model.language_platform.language_viz: ROLLBACK
[0m18:26:47.177995 [debug] [Thread-1 (]: Failed to rollback 'model.language_platform.language_viz'
[0m18:26:47.178978 [debug] [Thread-1 (]: On model.language_platform.language_viz: Close
[0m18:26:47.183042 [debug] [Thread-1 (]: Runtime Error in model language_viz (models\example\language_viz.sql)
  Binder Error: Referenced column "language" not found in FROM clause!
  Candidate bindings: "status"
  
  LINE 14:     language,
               ^
[0m18:26:47.186023 [debug] [Thread-1 (]: Sending event: {'category': 'dbt', 'action': 'run_model', 'label': 'c4172423-fa8b-4166-8594-82194dd078fa', 'context': [<snowplow_tracker.self_describing_json.SelfDescribingJson object at 0x000002324D32F450>]}
[0m18:26:47.187040 [error] [Thread-1 (]: 1 of 4 ERROR creating sql table model main.language_viz ........................ [[31mERROR[0m in 0.06s]
[0m18:26:47.189011 [debug] [Thread-1 (]: Finished running node model.language_platform.language_viz
[0m18:26:47.189011 [debug] [Thread-1 (]: Began running node model.language_platform.mrt_user_learning_progress
[0m18:26:47.190020 [debug] [Thread-4 (]: Marking all children of 'model.language_platform.language_viz' to be skipped because of status 'error'.  Reason: Runtime Error in model language_viz (models\example\language_viz.sql)
  Binder Error: Referenced column "language" not found in FROM clause!
  Candidate bindings: "status"
  
  LINE 14:     language,
               ^.
[0m18:26:47.191027 [info ] [Thread-1 (]: 2 of 4 START sql table model main.mrt_user_learning_progress ................... [RUN]
[0m18:26:47.193025 [debug] [Thread-1 (]: Re-using an available connection from the pool (formerly model.language_platform.language_viz, now model.language_platform.mrt_user_learning_progress)
[0m18:26:47.194011 [debug] [Thread-1 (]: Began compiling node model.language_platform.mrt_user_learning_progress
[0m18:26:47.198559 [debug] [Thread-1 (]: Writing injected SQL for node "model.language_platform.mrt_user_learning_progress"
[0m18:26:47.199559 [debug] [Thread-1 (]: Began executing node model.language_platform.mrt_user_learning_progress
[0m18:26:47.204552 [debug] [Thread-1 (]: Writing runtime sql for node "model.language_platform.mrt_user_learning_progress"
[0m18:26:47.206552 [debug] [Thread-1 (]: Using duckdb connection "model.language_platform.mrt_user_learning_progress"
[0m18:26:47.207557 [debug] [Thread-1 (]: On model.language_platform.mrt_user_learning_progress: BEGIN
[0m18:26:47.208558 [debug] [Thread-1 (]: Opening a new connection, currently in state closed
[0m18:26:47.209557 [debug] [Thread-1 (]: SQL status: OK in 0.001 seconds
[0m18:26:47.209557 [debug] [Thread-1 (]: Using duckdb connection "model.language_platform.mrt_user_learning_progress"
[0m18:26:47.210564 [debug] [Thread-1 (]: On model.language_platform.mrt_user_learning_progress: /* {"app": "dbt", "dbt_version": "1.11.10", "profile_name": "language_platform", "target_name": "dev", "node_id": "model.language_platform.mrt_user_learning_progress"} */

  
    
    

    create  table
      "language_db"."main"."mrt_user_learning_progress__dbt_tmp"
  
    as (
      

with source_data as (
    select
        u.user_name,
        u.country,
        l.lang_name as language,
        les.lesson_title,
        p.score,
        p.status
    from "language_db"."main"."progress" p
    join "language_db"."main"."users" u on p.user_id = u.user_id
    join "language_db"."main"."lessons" les on p.lesson_id = les.lesson_id
    join "language_db"."main"."languages" l on les.lang_id = l.lang_id
)

select 
    user_name,
    language,
    count(lesson_title) as lessons_attempted,
    avg(score) as avg_score,
    -- добавим логику: прошел ли курс (если средний балл > 70)
    case 
        when avg(score) >= 70 then 'Passed'
        else 'Needs Practice'
    end as qualification
from source_data
group by 1, 2
    );
  
  
[0m18:26:47.219977 [debug] [Thread-1 (]: SQL status: OK in 0.008 seconds
[0m18:26:47.226993 [debug] [Thread-1 (]: Using duckdb connection "model.language_platform.mrt_user_learning_progress"
[0m18:26:47.227584 [debug] [Thread-1 (]: On model.language_platform.mrt_user_learning_progress: /* {"app": "dbt", "dbt_version": "1.11.10", "profile_name": "language_platform", "target_name": "dev", "node_id": "model.language_platform.mrt_user_learning_progress"} */
alter table "language_db"."main"."mrt_user_learning_progress__dbt_tmp" rename to "mrt_user_learning_progress"
[0m18:26:47.228723 [debug] [Thread-1 (]: SQL status: OK in 0.000 seconds
[0m18:26:47.242870 [debug] [Thread-1 (]: On model.language_platform.mrt_user_learning_progress: COMMIT
[0m18:26:47.243870 [debug] [Thread-1 (]: Using duckdb connection "model.language_platform.mrt_user_learning_progress"
[0m18:26:47.243870 [debug] [Thread-1 (]: On model.language_platform.mrt_user_learning_progress: COMMIT
[0m18:26:47.248870 [debug] [Thread-1 (]: SQL status: OK in 0.004 seconds
[0m18:26:47.254843 [debug] [Thread-1 (]: Using duckdb connection "model.language_platform.mrt_user_learning_progress"
[0m18:26:47.255839 [debug] [Thread-1 (]: On model.language_platform.mrt_user_learning_progress: /* {"app": "dbt", "dbt_version": "1.11.10", "profile_name": "language_platform", "target_name": "dev", "node_id": "model.language_platform.mrt_user_learning_progress"} */

      drop table if exists "language_db"."main"."mrt_user_learning_progress__dbt_backup" cascade
    
[0m18:26:47.256842 [debug] [Thread-1 (]: SQL status: OK in 0.000 seconds
[0m18:26:47.259841 [debug] [Thread-1 (]: On model.language_platform.mrt_user_learning_progress: Close
[0m18:26:47.260840 [debug] [Thread-1 (]: Sending event: {'category': 'dbt', 'action': 'run_model', 'label': 'c4172423-fa8b-4166-8594-82194dd078fa', 'context': [<snowplow_tracker.self_describing_json.SelfDescribingJson object at 0x000002324D3B5310>]}
[0m18:26:47.261843 [info ] [Thread-1 (]: 2 of 4 OK created sql table model main.mrt_user_learning_progress .............. [[32mOK[0m in 0.07s]
[0m18:26:47.262841 [debug] [Thread-1 (]: Finished running node model.language_platform.mrt_user_learning_progress
[0m18:26:47.262841 [debug] [Thread-1 (]: Began running node model.language_platform.my_first_dbt_model
[0m18:26:47.263842 [info ] [Thread-1 (]: 3 of 4 START sql table model main.my_first_dbt_model ........................... [RUN]
[0m18:26:47.264843 [debug] [Thread-1 (]: Re-using an available connection from the pool (formerly model.language_platform.mrt_user_learning_progress, now model.language_platform.my_first_dbt_model)
[0m18:26:47.265843 [debug] [Thread-1 (]: Began compiling node model.language_platform.my_first_dbt_model
[0m18:26:47.269840 [debug] [Thread-1 (]: Writing injected SQL for node "model.language_platform.my_first_dbt_model"
[0m18:26:47.271840 [debug] [Thread-1 (]: Began executing node model.language_platform.my_first_dbt_model
[0m18:26:47.275845 [debug] [Thread-1 (]: Writing runtime sql for node "model.language_platform.my_first_dbt_model"
[0m18:26:47.276844 [debug] [Thread-1 (]: Using duckdb connection "model.language_platform.my_first_dbt_model"
[0m18:26:47.277844 [debug] [Thread-1 (]: On model.language_platform.my_first_dbt_model: BEGIN
[0m18:26:47.277844 [debug] [Thread-1 (]: Opening a new connection, currently in state closed
[0m18:26:47.278842 [debug] [Thread-1 (]: SQL status: OK in 0.001 seconds
[0m18:26:47.278842 [debug] [Thread-1 (]: Using duckdb connection "model.language_platform.my_first_dbt_model"
[0m18:26:47.279840 [debug] [Thread-1 (]: On model.language_platform.my_first_dbt_model: /* {"app": "dbt", "dbt_version": "1.11.10", "profile_name": "language_platform", "target_name": "dev", "node_id": "model.language_platform.my_first_dbt_model"} */

  
    
    

    create  table
      "language_db"."main"."my_first_dbt_model__dbt_tmp"
  
    as (
      /*
    Welcome to your first dbt model!
    Did you know that you can also configure models directly within SQL files?
    This will override configurations stated in dbt_project.yml

    Try changing "table" to "view" below
*/



with source_data as (

    select 1 as id
    union all
    select null as id

)

select *
from source_data

/*
    Uncomment the line below to remove records with null `id` values
*/

-- where id is not null
    );
  
  
[0m18:26:47.281850 [debug] [Thread-1 (]: SQL status: OK in 0.001 seconds
[0m18:26:47.286887 [debug] [Thread-1 (]: Using duckdb connection "model.language_platform.my_first_dbt_model"
[0m18:26:47.287874 [debug] [Thread-1 (]: On model.language_platform.my_first_dbt_model: /* {"app": "dbt", "dbt_version": "1.11.10", "profile_name": "language_platform", "target_name": "dev", "node_id": "model.language_platform.my_first_dbt_model"} */

    SELECT index_name
    FROM duckdb_indexes()
    WHERE schema_name = 'main'
      AND table_name = 'my_first_dbt_model'
  
[0m18:26:47.288858 [debug] [Thread-1 (]: SQL status: OK in 0.001 seconds
[0m18:26:47.290873 [debug] [Thread-1 (]: Using duckdb connection "model.language_platform.my_first_dbt_model"
[0m18:26:47.290873 [debug] [Thread-1 (]: On model.language_platform.my_first_dbt_model: /* {"app": "dbt", "dbt_version": "1.11.10", "profile_name": "language_platform", "target_name": "dev", "node_id": "model.language_platform.my_first_dbt_model"} */

    SELECT COUNT(*) as remaining_indexes
    FROM duckdb_indexes()
    WHERE schema_name = 'main'
      AND table_name = 'my_first_dbt_model'
  
[0m18:26:47.292871 [debug] [Thread-1 (]: SQL status: OK in 0.001 seconds
[0m18:26:47.296873 [debug] [Thread-1 (]: Using duckdb connection "model.language_platform.my_first_dbt_model"
[0m18:26:47.297860 [debug] [Thread-1 (]: On model.language_platform.my_first_dbt_model: /* {"app": "dbt", "dbt_version": "1.11.10", "profile_name": "language_platform", "target_name": "dev", "node_id": "model.language_platform.my_first_dbt_model"} */
alter table "language_db"."main"."my_first_dbt_model" rename to "my_first_dbt_model__dbt_backup"
[0m18:26:47.299380 [debug] [Thread-1 (]: SQL status: OK in 0.000 seconds
[0m18:26:47.303363 [debug] [Thread-1 (]: Using duckdb connection "model.language_platform.my_first_dbt_model"
[0m18:26:47.304361 [debug] [Thread-1 (]: On model.language_platform.my_first_dbt_model: /* {"app": "dbt", "dbt_version": "1.11.10", "profile_name": "language_platform", "target_name": "dev", "node_id": "model.language_platform.my_first_dbt_model"} */
alter table "language_db"."main"."my_first_dbt_model__dbt_tmp" rename to "my_first_dbt_model"
[0m18:26:47.305362 [debug] [Thread-1 (]: SQL status: OK in 0.000 seconds
[0m18:26:47.308360 [debug] [Thread-1 (]: On model.language_platform.my_first_dbt_model: COMMIT
[0m18:26:47.309360 [debug] [Thread-1 (]: Using duckdb connection "model.language_platform.my_first_dbt_model"
[0m18:26:47.310365 [debug] [Thread-1 (]: On model.language_platform.my_first_dbt_model: COMMIT
[0m18:26:47.313362 [debug] [Thread-1 (]: SQL status: OK in 0.003 seconds
[0m18:26:47.319031 [debug] [Thread-1 (]: Using duckdb connection "model.language_platform.my_first_dbt_model"
[0m18:26:47.319555 [debug] [Thread-1 (]: On model.language_platform.my_first_dbt_model: /* {"app": "dbt", "dbt_version": "1.11.10", "profile_name": "language_platform", "target_name": "dev", "node_id": "model.language_platform.my_first_dbt_model"} */

      drop table if exists "language_db"."main"."my_first_dbt_model__dbt_backup" cascade
    
[0m18:26:47.322870 [debug] [Thread-1 (]: SQL status: OK in 0.003 seconds
[0m18:26:47.325017 [debug] [Thread-1 (]: On model.language_platform.my_first_dbt_model: Close
[0m18:26:47.326076 [debug] [Thread-1 (]: Sending event: {'category': 'dbt', 'action': 'run_model', 'label': 'c4172423-fa8b-4166-8594-82194dd078fa', 'context': [<snowplow_tracker.self_describing_json.SelfDescribingJson object at 0x000002324F536E90>]}
[0m18:26:47.326606 [info ] [Thread-1 (]: 3 of 4 OK created sql table model main.my_first_dbt_model ...................... [[32mOK[0m in 0.06s]
[0m18:26:47.327768 [debug] [Thread-1 (]: Finished running node model.language_platform.my_first_dbt_model
[0m18:26:47.328777 [debug] [Thread-1 (]: Began running node model.language_platform.my_second_dbt_model
[0m18:26:47.329775 [info ] [Thread-1 (]: 4 of 4 START sql view model main.my_second_dbt_model ........................... [RUN]
[0m18:26:47.329775 [debug] [Thread-1 (]: Re-using an available connection from the pool (formerly model.language_platform.my_first_dbt_model, now model.language_platform.my_second_dbt_model)
[0m18:26:47.330778 [debug] [Thread-1 (]: Began compiling node model.language_platform.my_second_dbt_model
[0m18:26:47.333774 [debug] [Thread-1 (]: Writing injected SQL for node "model.language_platform.my_second_dbt_model"
[0m18:26:47.334776 [debug] [Thread-1 (]: Began executing node model.language_platform.my_second_dbt_model
[0m18:26:47.354780 [debug] [Thread-1 (]: Writing runtime sql for node "model.language_platform.my_second_dbt_model"
[0m18:26:47.355775 [debug] [Thread-1 (]: Using duckdb connection "model.language_platform.my_second_dbt_model"
[0m18:26:47.356780 [debug] [Thread-1 (]: On model.language_platform.my_second_dbt_model: BEGIN
[0m18:26:47.356780 [debug] [Thread-1 (]: Opening a new connection, currently in state closed
[0m18:26:47.357779 [debug] [Thread-1 (]: SQL status: OK in 0.001 seconds
[0m18:26:47.359785 [debug] [Thread-1 (]: Using duckdb connection "model.language_platform.my_second_dbt_model"
[0m18:26:47.360780 [debug] [Thread-1 (]: On model.language_platform.my_second_dbt_model: /* {"app": "dbt", "dbt_version": "1.11.10", "profile_name": "language_platform", "target_name": "dev", "node_id": "model.language_platform.my_second_dbt_model"} */

  
  create view "language_db"."main"."my_second_dbt_model__dbt_tmp" as (
    -- Use the `ref` function to select from other models

select *
from "language_db"."main"."my_first_dbt_model"
where id = 1
  );

[0m18:26:47.362786 [debug] [Thread-1 (]: SQL status: OK in 0.000 seconds
[0m18:26:47.366774 [debug] [Thread-1 (]: Using duckdb connection "model.language_platform.my_second_dbt_model"
[0m18:26:47.366774 [debug] [Thread-1 (]: On model.language_platform.my_second_dbt_model: /* {"app": "dbt", "dbt_version": "1.11.10", "profile_name": "language_platform", "target_name": "dev", "node_id": "model.language_platform.my_second_dbt_model"} */
alter view "language_db"."main"."my_second_dbt_model" rename to "my_second_dbt_model__dbt_backup"
[0m18:26:47.367774 [debug] [Thread-1 (]: SQL status: OK in 0.000 seconds
[0m18:26:47.370776 [debug] [Thread-1 (]: Using duckdb connection "model.language_platform.my_second_dbt_model"
[0m18:26:47.371776 [debug] [Thread-1 (]: On model.language_platform.my_second_dbt_model: /* {"app": "dbt", "dbt_version": "1.11.10", "profile_name": "language_platform", "target_name": "dev", "node_id": "model.language_platform.my_second_dbt_model"} */
alter view "language_db"."main"."my_second_dbt_model__dbt_tmp" rename to "my_second_dbt_model"
[0m18:26:47.372782 [debug] [Thread-1 (]: SQL status: OK in 0.000 seconds
[0m18:26:47.375774 [debug] [Thread-1 (]: On model.language_platform.my_second_dbt_model: COMMIT
[0m18:26:47.375774 [debug] [Thread-1 (]: Using duckdb connection "model.language_platform.my_second_dbt_model"
[0m18:26:47.376774 [debug] [Thread-1 (]: On model.language_platform.my_second_dbt_model: COMMIT
[0m18:26:47.379774 [debug] [Thread-1 (]: SQL status: OK in 0.003 seconds
[0m18:26:47.382774 [debug] [Thread-1 (]: Using duckdb connection "model.language_platform.my_second_dbt_model"
[0m18:26:47.383781 [debug] [Thread-1 (]: On model.language_platform.my_second_dbt_model: /* {"app": "dbt", "dbt_version": "1.11.10", "profile_name": "language_platform", "target_name": "dev", "node_id": "model.language_platform.my_second_dbt_model"} */

      drop view if exists "language_db"."main"."my_second_dbt_model__dbt_backup" cascade
    
[0m18:26:47.386778 [debug] [Thread-1 (]: SQL status: OK in 0.003 seconds
[0m18:26:47.387778 [debug] [Thread-1 (]: On model.language_platform.my_second_dbt_model: Close
[0m18:26:47.389792 [debug] [Thread-1 (]: Sending event: {'category': 'dbt', 'action': 'run_model', 'label': 'c4172423-fa8b-4166-8594-82194dd078fa', 'context': [<snowplow_tracker.self_describing_json.SelfDescribingJson object at 0x000002324F4D0F50>]}
[0m18:26:47.390781 [info ] [Thread-1 (]: 4 of 4 OK created sql view model main.my_second_dbt_model ...................... [[32mOK[0m in 0.06s]
[0m18:26:47.391780 [debug] [Thread-1 (]: Finished running node model.language_platform.my_second_dbt_model
[0m18:26:47.392782 [debug] [MainThread]: Using duckdb connection "master"
[0m18:26:47.393779 [debug] [MainThread]: On master: BEGIN
[0m18:26:47.393779 [debug] [MainThread]: Opening a new connection, currently in state closed
[0m18:26:47.394781 [debug] [MainThread]: SQL status: OK in 0.001 seconds
[0m18:26:47.394781 [debug] [MainThread]: On master: COMMIT
[0m18:26:47.395780 [debug] [MainThread]: Using duckdb connection "master"
[0m18:26:47.395780 [debug] [MainThread]: On master: COMMIT
[0m18:26:47.396781 [debug] [MainThread]: SQL status: OK in 0.000 seconds
[0m18:26:47.397780 [debug] [MainThread]: On master: Close
[0m18:26:47.398288 [debug] [MainThread]: Connection 'master' was properly closed.
[0m18:26:47.398288 [debug] [MainThread]: Connection 'create_language_db_main' was properly closed.
[0m18:26:47.398288 [debug] [MainThread]: Connection 'list_language_db_main' was properly closed.
[0m18:26:47.399296 [debug] [MainThread]: Connection 'model.language_platform.my_second_dbt_model' was properly closed.
[0m18:26:47.399296 [info ] [MainThread]: 
[0m18:26:47.400295 [info ] [MainThread]: Finished running 3 table models, 1 view model in 0 hours 0 minutes and 0.45 seconds (0.45s).
[0m18:26:47.402302 [debug] [MainThread]: Command end result
[0m18:26:47.440313 [debug] [MainThread]: Wrote artifact WritableManifest to C:\Users\kartu\Downloads\MGIMO_BigData-main\LAB2\language_platform\target\manifest.json
[0m18:26:47.443302 [debug] [MainThread]: Wrote artifact SemanticManifest to C:\Users\kartu\Downloads\MGIMO_BigData-main\LAB2\language_platform\target\semantic_manifest.json
[0m18:26:47.449327 [debug] [MainThread]: Wrote artifact RunExecutionResult to C:\Users\kartu\Downloads\MGIMO_BigData-main\LAB2\language_platform\target\run_results.json
[0m18:26:47.450314 [info ] [MainThread]: 
[0m18:26:47.451303 [info ] [MainThread]: [31mCompleted with 1 error, 0 partial successes, and 0 warnings:[0m
[0m18:26:47.452310 [info ] [MainThread]: 
[0m18:26:47.452310 [error] [MainThread]: [31mFailure in model language_viz (models\example\language_viz.sql)[0m
[0m18:26:47.453309 [error] [MainThread]:   Runtime Error in model language_viz (models\example\language_viz.sql)
  Binder Error: Referenced column "language" not found in FROM clause!
  Candidate bindings: "status"
  
  LINE 14:     language,
               ^
[0m18:26:47.454310 [info ] [MainThread]: 
[0m18:26:47.455312 [info ] [MainThread]:   compiled code at target\compiled\language_platform\models\example\language_viz.sql
[0m18:26:47.456295 [info ] [MainThread]: 
[0m18:26:47.457313 [info ] [MainThread]: Done. PASS=3 WARN=0 ERROR=1 SKIP=0 NO-OP=0 TOTAL=4
[0m18:26:47.458310 [debug] [MainThread]: Command `dbt run` failed at 18:26:47.458310 after 1.77 seconds
[0m18:26:47.459310 [debug] [MainThread]: Sending event: {'category': 'dbt', 'action': 'invocation', 'label': 'end', 'context': [<snowplow_tracker.self_describing_json.SelfDescribingJson object at 0x00000232449BA110>, <snowplow_tracker.self_describing_json.SelfDescribingJson object at 0x000002324B7EA290>, <snowplow_tracker.self_describing_json.SelfDescribingJson object at 0x000002324B7EA210>]}
[0m18:26:47.459310 [debug] [MainThread]: Flushing usage events
[0m18:26:48.082177 [debug] [MainThread]: An error was encountered while trying to flush usage events
[0m18:27:41.550977 [debug] [MainThread]: Sending event: {'category': 'dbt', 'action': 'invocation', 'label': 'start', 'context': [<snowplow_tracker.self_describing_json.SelfDescribingJson object at 0x00000280C2991850>, <snowplow_tracker.self_describing_json.SelfDescribingJson object at 0x00000280C263FC50>, <snowplow_tracker.self_describing_json.SelfDescribingJson object at 0x00000280C2992210>]}


============================== 18:27:41.555993 | aa17d804-685f-4075-8e63-1f994397f762 ==============================
[0m18:27:41.555993 [info ] [MainThread]: Running with dbt=1.11.10
[0m18:27:41.556993 [debug] [MainThread]: running dbt with arguments {'static_parser': 'True', 'no_print': 'None', 'version_check': 'True', 'target_path': 'None', 'warn_error_options': 'WarnErrorOptionsV2(error=[], warn=[], silence=[])', 'printer_width': '80', 'write_json': 'True', 'empty': 'False', 'log_cache_events': 'False', 'introspect': 'True', 'cache_selected_only': 'False', 'log_format': 'default', 'debug': 'False', 'fail_fast': 'False', 'profiles_dir': 'C:\\Users\\kartu\\.dbt', 'send_anonymous_usage_stats': 'True', 'quiet': 'False', 'warn_error': 'None', 'partial_parse': 'True', 'invocation_command': 'dbt run', 'use_colors': 'True', 'indirect_selection': 'eager', 'use_experimental_parser': 'False', 'log_path': 'C:\\Users\\kartu\\Downloads\\MGIMO_BigData-main\\LAB2\\language_platform\\logs'}
[0m18:27:41.797415 [debug] [MainThread]: Sending event: {'category': 'dbt', 'action': 'project_id', 'label': 'aa17d804-685f-4075-8e63-1f994397f762', 'context': [<snowplow_tracker.self_describing_json.SelfDescribingJson object at 0x00000280C2748C10>]}
[0m18:27:41.855704 [debug] [MainThread]: Sending event: {'category': 'dbt', 'action': 'adapter_info', 'label': 'aa17d804-685f-4075-8e63-1f994397f762', 'context': [<snowplow_tracker.self_describing_json.SelfDescribingJson object at 0x00000280C3CFE650>]}
[0m18:27:41.858688 [info ] [MainThread]: Registered adapter: duckdb=1.10.1
[0m18:27:42.145212 [debug] [MainThread]: checksum: 2f247960199844e016e6a527f21364251736722c6212f4b11e96849fe0fc9e96, vars: {}, profile: , target: , version: 1.11.10
[0m18:27:42.305268 [debug] [MainThread]: Partial parsing enabled: 4 files deleted, 0 files added, 0 files changed.
[0m18:27:42.306266 [debug] [MainThread]: Partial parsing: deleted file: language_platform://models\example\my_first_dbt_model.sql
[0m18:27:42.306266 [debug] [MainThread]: Partial parsing: deleted file: language_platform://models\example\my_second_dbt_model.sql
[0m18:27:42.307268 [debug] [MainThread]: Partial parsing: deleted file: language_platform://models\example\language_viz.sql
[0m18:27:42.368681 [warn ] [MainThread]: [[33mWARNING[0m]: Configuration paths exist in your dbt_project.yml file which do not apply to any resources.
There are 1 unused configuration paths:
- models.language_platform.example
[0m18:27:42.375697 [debug] [MainThread]: Sending event: {'category': 'dbt', 'action': 'load_project', 'label': 'aa17d804-685f-4075-8e63-1f994397f762', 'context': [<snowplow_tracker.self_describing_json.SelfDescribingJson object at 0x00000280C4035D50>]}
[0m18:27:42.505286 [debug] [MainThread]: Wrote artifact WritableManifest to C:\Users\kartu\Downloads\MGIMO_BigData-main\LAB2\language_platform\target\manifest.json
[0m18:27:42.508286 [debug] [MainThread]: Wrote artifact SemanticManifest to C:\Users\kartu\Downloads\MGIMO_BigData-main\LAB2\language_platform\target\semantic_manifest.json
[0m18:27:42.523834 [debug] [MainThread]: Sending event: {'category': 'dbt', 'action': 'resource_counts', 'label': 'aa17d804-685f-4075-8e63-1f994397f762', 'context': [<snowplow_tracker.self_describing_json.SelfDescribingJson object at 0x00000280C3F40A50>]}
[0m18:27:42.524833 [info ] [MainThread]: Found 5 seeds, 1 model, 477 macros
[0m18:27:42.525836 [debug] [MainThread]: Sending event: {'category': 'dbt', 'action': 'runnable_timing', 'label': 'aa17d804-685f-4075-8e63-1f994397f762', 'context': [<snowplow_tracker.self_describing_json.SelfDescribingJson object at 0x00000280C401B750>]}
[0m18:27:42.527845 [info ] [MainThread]: 
[0m18:27:42.528845 [info ] [MainThread]: Concurrency: 1 threads (target='dev')
[0m18:27:42.529836 [info ] [MainThread]: 
[0m18:27:42.530862 [debug] [MainThread]: Acquiring new duckdb connection 'master'
[0m18:27:42.531837 [debug] [ThreadPool]: Acquiring new duckdb connection 'list_language_db'
[0m18:27:42.613065 [debug] [ThreadPool]: Using duckdb connection "list_language_db"
[0m18:27:42.614073 [debug] [ThreadPool]: On list_language_db: /* {"app": "dbt", "dbt_version": "1.11.10", "profile_name": "language_platform", "target_name": "dev", "connection_name": "list_language_db"} */

    
    select schema_name
    from system.information_schema.schemata
    
    where lower(catalog_name) = '"language_db"'
    
  
  
[0m18:27:42.614073 [debug] [ThreadPool]: Opening a new connection, currently in state init
[0m18:27:42.645073 [debug] [ThreadPool]: SQL status: OK in 0.030 seconds
[0m18:27:42.646071 [debug] [ThreadPool]: On list_language_db: Close
[0m18:27:42.647075 [debug] [ThreadPool]: Re-using an available connection from the pool (formerly list_language_db, now create_language_db_main)
[0m18:27:42.648074 [debug] [ThreadPool]: Creating schema "database: "language_db"
schema: "main"
"
[0m18:27:42.655072 [debug] [ThreadPool]: Using duckdb connection "create_language_db_main"
[0m18:27:42.655072 [debug] [ThreadPool]: On create_language_db_main: /* {"app": "dbt", "dbt_version": "1.11.10", "profile_name": "language_platform", "target_name": "dev", "connection_name": "create_language_db_main"} */

    
        select type from duckdb_databases()
        where lower(database_name)='language_db'
        and type='sqlite'
    
  
[0m18:27:42.656071 [debug] [ThreadPool]: Opening a new connection, currently in state closed
[0m18:27:42.657074 [debug] [ThreadPool]: SQL status: OK in 0.001 seconds
[0m18:27:42.659074 [debug] [ThreadPool]: Using duckdb connection "create_language_db_main"
[0m18:27:42.659074 [debug] [ThreadPool]: On create_language_db_main: BEGIN
[0m18:27:42.660071 [debug] [ThreadPool]: SQL status: OK in 0.000 seconds
[0m18:27:42.661073 [debug] [ThreadPool]: Using duckdb connection "create_language_db_main"
[0m18:27:42.661073 [debug] [ThreadPool]: On create_language_db_main: /* {"app": "dbt", "dbt_version": "1.11.10", "profile_name": "language_platform", "target_name": "dev", "connection_name": "create_language_db_main"} */

    
    
        create schema if not exists "language_db"."main"
    
[0m18:27:42.662073 [debug] [ThreadPool]: SQL status: OK in 0.000 seconds
[0m18:27:42.663071 [debug] [ThreadPool]: On create_language_db_main: COMMIT
[0m18:27:42.664073 [debug] [ThreadPool]: Using duckdb connection "create_language_db_main"
[0m18:27:42.664073 [debug] [ThreadPool]: On create_language_db_main: COMMIT
[0m18:27:42.665072 [debug] [ThreadPool]: SQL status: OK in 0.000 seconds
[0m18:27:42.666074 [debug] [ThreadPool]: On create_language_db_main: Close
[0m18:27:42.671070 [debug] [ThreadPool]: Acquiring new duckdb connection 'list_language_db_main'
[0m18:27:42.678086 [debug] [ThreadPool]: Using duckdb connection "list_language_db_main"
[0m18:27:42.678086 [debug] [ThreadPool]: On list_language_db_main: BEGIN
[0m18:27:42.679075 [debug] [ThreadPool]: Opening a new connection, currently in state init
[0m18:27:42.680078 [debug] [ThreadPool]: SQL status: OK in 0.001 seconds
[0m18:27:42.681072 [debug] [ThreadPool]: Using duckdb connection "list_language_db_main"
[0m18:27:42.681072 [debug] [ThreadPool]: On list_language_db_main: /* {"app": "dbt", "dbt_version": "1.11.10", "profile_name": "language_platform", "target_name": "dev", "connection_name": "list_language_db_main"} */
select
      'language_db' as database,
      table_name as name,
      table_schema as schema,
      CASE table_type
        WHEN 'BASE TABLE' THEN 'table'
        WHEN 'VIEW' THEN 'view'
        WHEN 'LOCAL TEMPORARY' THEN 'table'
        END as type
    from system.information_schema.tables
    where lower(table_schema) = 'main'
    and lower(table_catalog) = 'language_db'
  
[0m18:27:42.685540 [debug] [ThreadPool]: SQL status: OK in 0.004 seconds
[0m18:27:42.687198 [debug] [ThreadPool]: On list_language_db_main: ROLLBACK
[0m18:27:42.688865 [debug] [ThreadPool]: Failed to rollback 'list_language_db_main'
[0m18:27:42.689412 [debug] [ThreadPool]: On list_language_db_main: Close
[0m18:27:42.691538 [debug] [MainThread]: Sending event: {'category': 'dbt', 'action': 'runnable_timing', 'label': 'aa17d804-685f-4075-8e63-1f994397f762', 'context': [<snowplow_tracker.self_describing_json.SelfDescribingJson object at 0x00000280C4046E10>]}
[0m18:27:42.692585 [debug] [MainThread]: Using duckdb connection "master"
[0m18:27:42.693125 [debug] [MainThread]: On master: BEGIN
[0m18:27:42.693669 [debug] [MainThread]: Opening a new connection, currently in state init
[0m18:27:42.694776 [debug] [MainThread]: SQL status: OK in 0.001 seconds
[0m18:27:42.695865 [debug] [MainThread]: On master: COMMIT
[0m18:27:42.696398 [debug] [MainThread]: Using duckdb connection "master"
[0m18:27:42.697406 [debug] [MainThread]: On master: COMMIT
[0m18:27:42.698415 [debug] [MainThread]: SQL status: OK in 0.000 seconds
[0m18:27:42.699405 [debug] [MainThread]: On master: Close
[0m18:27:42.703404 [debug] [Thread-1 (]: Began running node model.language_platform.mrt_user_learning_progress
[0m18:27:42.704414 [info ] [Thread-1 (]: 1 of 1 START sql table model main.mrt_user_learning_progress ................... [RUN]
[0m18:27:42.705407 [debug] [Thread-1 (]: Acquiring new duckdb connection 'model.language_platform.mrt_user_learning_progress'
[0m18:27:42.706405 [debug] [Thread-1 (]: Began compiling node model.language_platform.mrt_user_learning_progress
[0m18:27:42.714923 [debug] [Thread-1 (]: Writing injected SQL for node "model.language_platform.mrt_user_learning_progress"
[0m18:27:42.715923 [debug] [Thread-1 (]: Began executing node model.language_platform.mrt_user_learning_progress
[0m18:27:42.749603 [debug] [Thread-1 (]: Writing runtime sql for node "model.language_platform.mrt_user_learning_progress"
[0m18:27:42.750812 [debug] [Thread-1 (]: Using duckdb connection "model.language_platform.mrt_user_learning_progress"
[0m18:27:42.751367 [debug] [Thread-1 (]: On model.language_platform.mrt_user_learning_progress: BEGIN
[0m18:27:42.752449 [debug] [Thread-1 (]: Opening a new connection, currently in state init
[0m18:27:42.753458 [debug] [Thread-1 (]: SQL status: OK in 0.001 seconds
[0m18:27:42.753458 [debug] [Thread-1 (]: Using duckdb connection "model.language_platform.mrt_user_learning_progress"
[0m18:27:42.754456 [debug] [Thread-1 (]: On model.language_platform.mrt_user_learning_progress: /* {"app": "dbt", "dbt_version": "1.11.10", "profile_name": "language_platform", "target_name": "dev", "node_id": "model.language_platform.mrt_user_learning_progress"} */

  
    
    

    create  table
      "language_db"."main"."mrt_user_learning_progress__dbt_tmp"
  
    as (
      

with source_data as (
    select
        u.user_name,
        u.country,
        l.lang_name as language,
        les.lesson_title,
        p.score,
        p.status
    from "language_db"."main"."progress" p
    join "language_db"."main"."users" u on p.user_id = u.user_id
    join "language_db"."main"."lessons" les on p.lesson_id = les.lesson_id
    join "language_db"."main"."languages" l on les.lang_id = l.lang_id
)

select 
    user_name,
    language,
    count(lesson_title) as lessons_attempted,
    avg(score) as avg_score,
    -- добавим логику: прошел ли курс (если средний балл > 70)
    case 
        when avg(score) >= 70 then 'Passed'
        else 'Needs Practice'
    end as qualification
from source_data
group by 1, 2
    );
  
  
[0m18:27:42.762460 [debug] [Thread-1 (]: SQL status: OK in 0.008 seconds
[0m18:27:42.768457 [debug] [Thread-1 (]: Using duckdb connection "model.language_platform.mrt_user_learning_progress"
[0m18:27:42.768457 [debug] [Thread-1 (]: On model.language_platform.mrt_user_learning_progress: /* {"app": "dbt", "dbt_version": "1.11.10", "profile_name": "language_platform", "target_name": "dev", "node_id": "model.language_platform.mrt_user_learning_progress"} */

    SELECT index_name
    FROM duckdb_indexes()
    WHERE schema_name = 'main'
      AND table_name = 'mrt_user_learning_progress'
  
[0m18:27:42.770462 [debug] [Thread-1 (]: SQL status: OK in 0.001 seconds
[0m18:27:42.771459 [debug] [Thread-1 (]: Using duckdb connection "model.language_platform.mrt_user_learning_progress"
[0m18:27:42.772488 [debug] [Thread-1 (]: On model.language_platform.mrt_user_learning_progress: /* {"app": "dbt", "dbt_version": "1.11.10", "profile_name": "language_platform", "target_name": "dev", "node_id": "model.language_platform.mrt_user_learning_progress"} */

    SELECT COUNT(*) as remaining_indexes
    FROM duckdb_indexes()
    WHERE schema_name = 'main'
      AND table_name = 'mrt_user_learning_progress'
  
[0m18:27:42.773488 [debug] [Thread-1 (]: SQL status: OK in 0.001 seconds
[0m18:27:42.780488 [debug] [Thread-1 (]: Using duckdb connection "model.language_platform.mrt_user_learning_progress"
[0m18:27:42.781489 [debug] [Thread-1 (]: On model.language_platform.mrt_user_learning_progress: /* {"app": "dbt", "dbt_version": "1.11.10", "profile_name": "language_platform", "target_name": "dev", "node_id": "model.language_platform.mrt_user_learning_progress"} */
alter table "language_db"."main"."mrt_user_learning_progress" rename to "mrt_user_learning_progress__dbt_backup"
[0m18:27:42.782471 [debug] [Thread-1 (]: SQL status: OK in 0.000 seconds
[0m18:27:42.785487 [debug] [Thread-1 (]: Using duckdb connection "model.language_platform.mrt_user_learning_progress"
[0m18:27:42.786488 [debug] [Thread-1 (]: On model.language_platform.mrt_user_learning_progress: /* {"app": "dbt", "dbt_version": "1.11.10", "profile_name": "language_platform", "target_name": "dev", "node_id": "model.language_platform.mrt_user_learning_progress"} */
alter table "language_db"."main"."mrt_user_learning_progress__dbt_tmp" rename to "mrt_user_learning_progress"
[0m18:27:42.787464 [debug] [Thread-1 (]: SQL status: OK in 0.000 seconds
[0m18:27:42.803475 [debug] [Thread-1 (]: On model.language_platform.mrt_user_learning_progress: COMMIT
[0m18:27:42.804475 [debug] [Thread-1 (]: Using duckdb connection "model.language_platform.mrt_user_learning_progress"
[0m18:27:42.804475 [debug] [Thread-1 (]: On model.language_platform.mrt_user_learning_progress: COMMIT
[0m18:27:42.821573 [debug] [Thread-1 (]: SQL status: OK in 0.016 seconds
[0m18:27:42.828556 [debug] [Thread-1 (]: Using duckdb connection "model.language_platform.mrt_user_learning_progress"
[0m18:27:42.829571 [debug] [Thread-1 (]: On model.language_platform.mrt_user_learning_progress: /* {"app": "dbt", "dbt_version": "1.11.10", "profile_name": "language_platform", "target_name": "dev", "node_id": "model.language_platform.mrt_user_learning_progress"} */

      drop table if exists "language_db"."main"."mrt_user_learning_progress__dbt_backup" cascade
    
[0m18:27:42.832586 [debug] [Thread-1 (]: SQL status: OK in 0.002 seconds
[0m18:27:42.834586 [debug] [Thread-1 (]: On model.language_platform.mrt_user_learning_progress: Close
[0m18:27:42.837570 [debug] [Thread-1 (]: Sending event: {'category': 'dbt', 'action': 'run_model', 'label': 'aa17d804-685f-4075-8e63-1f994397f762', 'context': [<snowplow_tracker.self_describing_json.SelfDescribingJson object at 0x00000280C450FED0>]}
[0m18:27:42.838570 [info ] [Thread-1 (]: 1 of 1 OK created sql table model main.mrt_user_learning_progress .............. [[32mOK[0m in 0.13s]
[0m18:27:42.839571 [debug] [Thread-1 (]: Finished running node model.language_platform.mrt_user_learning_progress
[0m18:27:42.841570 [debug] [MainThread]: Using duckdb connection "master"
[0m18:27:42.841570 [debug] [MainThread]: On master: BEGIN
[0m18:27:42.842563 [debug] [MainThread]: Opening a new connection, currently in state closed
[0m18:27:42.843571 [debug] [MainThread]: SQL status: OK in 0.001 seconds
[0m18:27:42.843571 [debug] [MainThread]: On master: COMMIT
[0m18:27:42.844570 [debug] [MainThread]: Using duckdb connection "master"
[0m18:27:42.844570 [debug] [MainThread]: On master: COMMIT
[0m18:27:42.845570 [debug] [MainThread]: SQL status: OK in 0.000 seconds
[0m18:27:42.846576 [debug] [MainThread]: On master: Close
[0m18:27:42.847563 [debug] [MainThread]: Connection 'master' was properly closed.
[0m18:27:42.848571 [debug] [MainThread]: Connection 'create_language_db_main' was properly closed.
[0m18:27:42.848571 [debug] [MainThread]: Connection 'list_language_db_main' was properly closed.
[0m18:27:42.849564 [debug] [MainThread]: Connection 'model.language_platform.mrt_user_learning_progress' was properly closed.
[0m18:27:42.849564 [info ] [MainThread]: 
[0m18:27:42.850566 [info ] [MainThread]: Finished running 1 table model in 0 hours 0 minutes and 0.32 seconds (0.32s).
[0m18:27:42.852566 [debug] [MainThread]: Command end result
[0m18:27:42.884571 [debug] [MainThread]: Wrote artifact WritableManifest to C:\Users\kartu\Downloads\MGIMO_BigData-main\LAB2\language_platform\target\manifest.json
[0m18:27:42.887559 [debug] [MainThread]: Wrote artifact SemanticManifest to C:\Users\kartu\Downloads\MGIMO_BigData-main\LAB2\language_platform\target\semantic_manifest.json
[0m18:27:42.893570 [debug] [MainThread]: Wrote artifact RunExecutionResult to C:\Users\kartu\Downloads\MGIMO_BigData-main\LAB2\language_platform\target\run_results.json
[0m18:27:42.894576 [info ] [MainThread]: 
[0m18:27:42.895587 [info ] [MainThread]: [32mCompleted successfully[0m
[0m18:27:42.895587 [info ] [MainThread]: 
[0m18:27:42.896561 [info ] [MainThread]: Done. PASS=1 WARN=0 ERROR=0 SKIP=0 NO-OP=0 TOTAL=1
[0m18:27:42.898599 [debug] [MainThread]: Command `dbt run` succeeded at 18:27:42.897582 after 1.44 seconds
[0m18:27:42.898599 [debug] [MainThread]: Sending event: {'category': 'dbt', 'action': 'invocation', 'label': 'end', 'context': [<snowplow_tracker.self_describing_json.SelfDescribingJson object at 0x00000280C3A01AD0>, <snowplow_tracker.self_describing_json.SelfDescribingJson object at 0x00000280BBBAA1D0>, <snowplow_tracker.self_describing_json.SelfDescribingJson object at 0x00000280BBBA9FD0>]}
[0m18:27:42.899598 [debug] [MainThread]: Flushing usage events
[0m18:27:43.544568 [debug] [MainThread]: An error was encountered while trying to flush usage events
[0m18:28:22.906164 [debug] [MainThread]: Sending event: {'category': 'dbt', 'action': 'invocation', 'label': 'start', 'context': [<snowplow_tracker.self_describing_json.SelfDescribingJson object at 0x0000029E40ADC090>, <snowplow_tracker.self_describing_json.SelfDescribingJson object at 0x0000029E4543ED10>, <snowplow_tracker.self_describing_json.SelfDescribingJson object at 0x0000029E4543EF90>]}


============================== 18:28:22.911164 | c3afb32b-6715-4164-b28c-7e726e3603fa ==============================
[0m18:28:22.911164 [info ] [MainThread]: Running with dbt=1.11.10
[0m18:28:22.913165 [debug] [MainThread]: running dbt with arguments {'version_check': 'True', 'no_print': 'None', 'static_parser': 'True', 'warn_error_options': 'WarnErrorOptionsV2(error=[], warn=[], silence=[])', 'target_path': 'None', 'printer_width': '80', 'write_json': 'True', 'empty': 'None', 'log_cache_events': 'False', 'introspect': 'True', 'cache_selected_only': 'False', 'fail_fast': 'False', 'debug': 'False', 'log_format': 'default', 'profiles_dir': 'C:\\Users\\kartu\\.dbt', 'send_anonymous_usage_stats': 'True', 'quiet': 'False', 'warn_error': 'None', 'partial_parse': 'True', 'use_colors': 'True', 'invocation_command': 'dbt seed', 'indirect_selection': 'eager', 'use_experimental_parser': 'False', 'log_path': 'C:\\Users\\kartu\\Downloads\\MGIMO_BigData-main\\LAB2\\language_platform\\logs'}
[0m18:28:23.145845 [debug] [MainThread]: Sending event: {'category': 'dbt', 'action': 'project_id', 'label': 'c3afb32b-6715-4164-b28c-7e726e3603fa', 'context': [<snowplow_tracker.self_describing_json.SelfDescribingJson object at 0x0000029E45494850>]}
[0m18:28:23.202474 [debug] [MainThread]: Sending event: {'category': 'dbt', 'action': 'adapter_info', 'label': 'c3afb32b-6715-4164-b28c-7e726e3603fa', 'context': [<snowplow_tracker.self_describing_json.SelfDescribingJson object at 0x0000029E40AFE150>]}
[0m18:28:23.205474 [info ] [MainThread]: Registered adapter: duckdb=1.10.1
[0m18:28:23.488232 [debug] [MainThread]: checksum: 2f247960199844e016e6a527f21364251736722c6212f4b11e96849fe0fc9e96, vars: {}, profile: , target: , version: 1.11.10
[0m18:28:23.632847 [debug] [MainThread]: Partial parsing enabled: 0 files deleted, 1 files added, 0 files changed.
[0m18:28:23.633847 [debug] [MainThread]: Partial parsing: added file: language_platform://seeds\dictionaries.csv
[0m18:28:23.883660 [warn ] [MainThread]: [[33mWARNING[0m]: Configuration paths exist in your dbt_project.yml file which do not apply to any resources.
There are 1 unused configuration paths:
- models.language_platform.example
[0m18:28:23.888657 [debug] [MainThread]: Sending event: {'category': 'dbt', 'action': 'load_project', 'label': 'c3afb32b-6715-4164-b28c-7e726e3603fa', 'context': [<snowplow_tracker.self_describing_json.SelfDescribingJson object at 0x0000029E4335F210>]}
[0m18:28:23.964679 [debug] [MainThread]: Wrote artifact WritableManifest to C:\Users\kartu\Downloads\MGIMO_BigData-main\LAB2\language_platform\target\manifest.json
[0m18:28:23.967209 [debug] [MainThread]: Wrote artifact SemanticManifest to C:\Users\kartu\Downloads\MGIMO_BigData-main\LAB2\language_platform\target\semantic_manifest.json
[0m18:28:23.985248 [debug] [MainThread]: Sending event: {'category': 'dbt', 'action': 'resource_counts', 'label': 'c3afb32b-6715-4164-b28c-7e726e3603fa', 'context': [<snowplow_tracker.self_describing_json.SelfDescribingJson object at 0x0000029E456BA5D0>]}
[0m18:28:23.986235 [info ] [MainThread]: Found 6 seeds, 1 model, 477 macros
[0m18:28:23.987242 [debug] [MainThread]: Sending event: {'category': 'dbt', 'action': 'runnable_timing', 'label': 'c3afb32b-6715-4164-b28c-7e726e3603fa', 'context': [<snowplow_tracker.self_describing_json.SelfDescribingJson object at 0x0000029E42EEBC10>]}
[0m18:28:23.990231 [info ] [MainThread]: 
[0m18:28:23.991248 [info ] [MainThread]: Concurrency: 1 threads (target='dev')
[0m18:28:23.991248 [info ] [MainThread]: 
[0m18:28:23.993237 [debug] [MainThread]: Acquiring new duckdb connection 'master'
[0m18:28:23.998248 [debug] [ThreadPool]: Acquiring new duckdb connection 'list_language_db'
[0m18:28:24.078825 [debug] [ThreadPool]: Using duckdb connection "list_language_db"
[0m18:28:24.079349 [debug] [ThreadPool]: On list_language_db: /* {"app": "dbt", "dbt_version": "1.11.10", "profile_name": "language_platform", "target_name": "dev", "connection_name": "list_language_db"} */

    
    select schema_name
    from system.information_schema.schemata
    
    where lower(catalog_name) = '"language_db"'
    
  
  
[0m18:28:24.079349 [debug] [ThreadPool]: Opening a new connection, currently in state init
[0m18:28:24.109538 [debug] [ThreadPool]: SQL status: OK in 0.030 seconds
[0m18:28:24.111540 [debug] [ThreadPool]: On list_language_db: Close
[0m18:28:24.112545 [debug] [ThreadPool]: Re-using an available connection from the pool (formerly list_language_db, now create_language_db_main)
[0m18:28:24.113535 [debug] [ThreadPool]: Creating schema "database: "language_db"
schema: "main"
"
[0m18:28:24.121541 [debug] [ThreadPool]: Using duckdb connection "create_language_db_main"
[0m18:28:24.121541 [debug] [ThreadPool]: On create_language_db_main: /* {"app": "dbt", "dbt_version": "1.11.10", "profile_name": "language_platform", "target_name": "dev", "connection_name": "create_language_db_main"} */

    
        select type from duckdb_databases()
        where lower(database_name)='language_db'
        and type='sqlite'
    
  
[0m18:28:24.122541 [debug] [ThreadPool]: Opening a new connection, currently in state closed
[0m18:28:24.123538 [debug] [ThreadPool]: SQL status: OK in 0.001 seconds
[0m18:28:24.125537 [debug] [ThreadPool]: Using duckdb connection "create_language_db_main"
[0m18:28:24.126538 [debug] [ThreadPool]: On create_language_db_main: BEGIN
[0m18:28:24.126538 [debug] [ThreadPool]: SQL status: OK in 0.000 seconds
[0m18:28:24.127536 [debug] [ThreadPool]: Using duckdb connection "create_language_db_main"
[0m18:28:24.127536 [debug] [ThreadPool]: On create_language_db_main: /* {"app": "dbt", "dbt_version": "1.11.10", "profile_name": "language_platform", "target_name": "dev", "connection_name": "create_language_db_main"} */

    
    
        create schema if not exists "language_db"."main"
    
[0m18:28:24.128537 [debug] [ThreadPool]: SQL status: OK in 0.000 seconds
[0m18:28:24.129536 [debug] [ThreadPool]: On create_language_db_main: COMMIT
[0m18:28:24.130534 [debug] [ThreadPool]: Using duckdb connection "create_language_db_main"
[0m18:28:24.130534 [debug] [ThreadPool]: On create_language_db_main: COMMIT
[0m18:28:24.131536 [debug] [ThreadPool]: SQL status: OK in 0.000 seconds
[0m18:28:24.132537 [debug] [ThreadPool]: On create_language_db_main: Close
[0m18:28:24.134552 [debug] [ThreadPool]: Acquiring new duckdb connection 'list_language_db_main'
[0m18:28:24.141566 [debug] [ThreadPool]: Using duckdb connection "list_language_db_main"
[0m18:28:24.141566 [debug] [ThreadPool]: On list_language_db_main: BEGIN
[0m18:28:24.142541 [debug] [ThreadPool]: Opening a new connection, currently in state init
[0m18:28:24.143567 [debug] [ThreadPool]: SQL status: OK in 0.001 seconds
[0m18:28:24.143567 [debug] [ThreadPool]: Using duckdb connection "list_language_db_main"
[0m18:28:24.144566 [debug] [ThreadPool]: On list_language_db_main: /* {"app": "dbt", "dbt_version": "1.11.10", "profile_name": "language_platform", "target_name": "dev", "connection_name": "list_language_db_main"} */
select
      'language_db' as database,
      table_name as name,
      table_schema as schema,
      CASE table_type
        WHEN 'BASE TABLE' THEN 'table'
        WHEN 'VIEW' THEN 'view'
        WHEN 'LOCAL TEMPORARY' THEN 'table'
        END as type
    from system.information_schema.tables
    where lower(table_schema) = 'main'
    and lower(table_catalog) = 'language_db'
  
[0m18:28:24.148566 [debug] [ThreadPool]: SQL status: OK in 0.003 seconds
[0m18:28:24.149542 [debug] [ThreadPool]: On list_language_db_main: ROLLBACK
[0m18:28:24.150566 [debug] [ThreadPool]: Failed to rollback 'list_language_db_main'
[0m18:28:24.151550 [debug] [ThreadPool]: On list_language_db_main: Close
[0m18:28:24.153573 [debug] [MainThread]: Sending event: {'category': 'dbt', 'action': 'runnable_timing', 'label': 'c3afb32b-6715-4164-b28c-7e726e3603fa', 'context': [<snowplow_tracker.self_describing_json.SelfDescribingJson object at 0x0000029E42913B50>]}
[0m18:28:24.154570 [debug] [MainThread]: Using duckdb connection "master"
[0m18:28:24.155570 [debug] [MainThread]: On master: BEGIN
[0m18:28:24.155570 [debug] [MainThread]: Opening a new connection, currently in state init
[0m18:28:24.156570 [debug] [MainThread]: SQL status: OK in 0.001 seconds
[0m18:28:24.157587 [debug] [MainThread]: On master: COMMIT
[0m18:28:24.157587 [debug] [MainThread]: Using duckdb connection "master"
[0m18:28:24.157587 [debug] [MainThread]: On master: COMMIT
[0m18:28:24.158572 [debug] [MainThread]: SQL status: OK in 0.000 seconds
[0m18:28:24.159586 [debug] [MainThread]: On master: Close
[0m18:28:24.163586 [debug] [Thread-1 (]: Began running node seed.language_platform.dictionaries
[0m18:28:24.164586 [info ] [Thread-1 (]: 1 of 6 START seed file main.dictionaries ....................................... [RUN]
[0m18:28:24.165586 [debug] [Thread-1 (]: Acquiring new duckdb connection 'seed.language_platform.dictionaries'
[0m18:28:24.165586 [debug] [Thread-1 (]: Began compiling node seed.language_platform.dictionaries
[0m18:28:24.167066 [debug] [Thread-1 (]: Began executing node seed.language_platform.dictionaries
[0m18:28:24.193649 [debug] [Thread-1 (]: Using duckdb connection "seed.language_platform.dictionaries"
[0m18:28:24.194666 [debug] [Thread-1 (]: On seed.language_platform.dictionaries: BEGIN
[0m18:28:24.196378 [debug] [Thread-1 (]: Opening a new connection, currently in state init
[0m18:28:24.197997 [debug] [Thread-1 (]: SQL status: OK in 0.002 seconds
[0m18:28:24.198537 [debug] [Thread-1 (]: Using duckdb connection "seed.language_platform.dictionaries"
[0m18:28:24.199071 [debug] [Thread-1 (]: On seed.language_platform.dictionaries: /* {"app": "dbt", "dbt_version": "1.11.10", "profile_name": "language_platform", "target_name": "dev", "node_id": "seed.language_platform.dictionaries"} */

    create table "language_db"."main"."dictionaries" ("user_id" integer,"lang_id" integer,"words_learned" integer)
  
[0m18:28:24.200122 [debug] [Thread-1 (]: SQL status: OK in 0.000 seconds
[0m18:28:24.210568 [debug] [Thread-1 (]: Using duckdb connection "seed.language_platform.dictionaries"
[0m18:28:24.211568 [debug] [Thread-1 (]: On seed.language_platform.dictionaries: 
          COPY "language_db"."main"."dictionaries" FROM 'C:\Users\kartu\Downloads\MGIMO_BigData-main\LAB2\language_platform\seeds\dictionaries.csv' (FORMAT CSV, HEADER TRUE, DELIMITER ',')
        ...
[0m18:28:24.216570 [debug] [Thread-1 (]: SQL status: OK in 0.005 seconds
[0m18:28:24.222597 [debug] [Thread-1 (]: Writing runtime SQL for node "seed.language_platform.dictionaries"
[0m18:28:24.238779 [debug] [Thread-1 (]: On seed.language_platform.dictionaries: COMMIT
[0m18:28:24.239331 [debug] [Thread-1 (]: Using duckdb connection "seed.language_platform.dictionaries"
[0m18:28:24.239862 [debug] [Thread-1 (]: On seed.language_platform.dictionaries: COMMIT
[0m18:28:24.258698 [debug] [Thread-1 (]: SQL status: OK in 0.019 seconds
[0m18:28:24.260845 [debug] [Thread-1 (]: On seed.language_platform.dictionaries: Close
[0m18:28:24.263502 [debug] [Thread-1 (]: Sending event: {'category': 'dbt', 'action': 'run_model', 'label': 'c3afb32b-6715-4164-b28c-7e726e3603fa', 'context': [<snowplow_tracker.self_describing_json.SelfDescribingJson object at 0x0000029E45EF4E10>]}
[0m18:28:24.264047 [info ] [Thread-1 (]: 1 of 6 OK loaded seed file main.dictionaries ................................... [[32mINSERT 3[0m in 0.10s]
[0m18:28:24.265675 [debug] [Thread-1 (]: Finished running node seed.language_platform.dictionaries
[0m18:28:24.266834 [debug] [Thread-1 (]: Began running node seed.language_platform.exercises
[0m18:28:24.267353 [info ] [Thread-1 (]: 2 of 6 START seed file main.exercises .......................................... [RUN]
[0m18:28:24.268450 [debug] [Thread-1 (]: Re-using an available connection from the pool (formerly seed.language_platform.dictionaries, now seed.language_platform.exercises)
[0m18:28:24.268450 [debug] [Thread-1 (]: Began compiling node seed.language_platform.exercises
[0m18:28:24.269471 [debug] [Thread-1 (]: Began executing node seed.language_platform.exercises
[0m18:28:24.283475 [debug] [Thread-1 (]: Using duckdb connection "seed.language_platform.exercises"
[0m18:28:24.284488 [debug] [Thread-1 (]: On seed.language_platform.exercises: BEGIN
[0m18:28:24.284488 [debug] [Thread-1 (]: Opening a new connection, currently in state closed
[0m18:28:24.285462 [debug] [Thread-1 (]: SQL status: OK in 0.001 seconds
[0m18:28:24.286459 [debug] [Thread-1 (]: Using duckdb connection "seed.language_platform.exercises"
[0m18:28:24.287476 [debug] [Thread-1 (]: On seed.language_platform.exercises: /* {"app": "dbt", "dbt_version": "1.11.10", "profile_name": "language_platform", "target_name": "dev", "node_id": "seed.language_platform.exercises"} */
truncate table "language_db"."main"."exercises"
[0m18:28:24.288471 [debug] [Thread-1 (]: SQL status: OK in 0.001 seconds
[0m18:28:24.290472 [debug] [Thread-1 (]: Using duckdb connection "seed.language_platform.exercises"
[0m18:28:24.291470 [debug] [Thread-1 (]: On seed.language_platform.exercises: 
          COPY "language_db"."main"."exercises" FROM 'C:\Users\kartu\Downloads\MGIMO_BigData-main\LAB2\language_platform\seeds\exercises.csv' (FORMAT CSV, HEADER TRUE, DELIMITER ',')
        ...
[0m18:28:24.294471 [debug] [Thread-1 (]: SQL status: OK in 0.003 seconds
[0m18:28:24.296472 [debug] [Thread-1 (]: Writing runtime SQL for node "seed.language_platform.exercises"
[0m18:28:24.299479 [debug] [Thread-1 (]: On seed.language_platform.exercises: COMMIT
[0m18:28:24.299479 [debug] [Thread-1 (]: Using duckdb connection "seed.language_platform.exercises"
[0m18:28:24.300490 [debug] [Thread-1 (]: On seed.language_platform.exercises: COMMIT
[0m18:28:24.304475 [debug] [Thread-1 (]: SQL status: OK in 0.003 seconds
[0m18:28:24.305472 [debug] [Thread-1 (]: On seed.language_platform.exercises: Close
[0m18:28:24.306471 [debug] [Thread-1 (]: Sending event: {'category': 'dbt', 'action': 'run_model', 'label': 'c3afb32b-6715-4164-b28c-7e726e3603fa', 'context': [<snowplow_tracker.self_describing_json.SelfDescribingJson object at 0x0000029E45ED6590>]}
[0m18:28:24.307472 [info ] [Thread-1 (]: 2 of 6 OK loaded seed file main.exercises ...................................... [[32mINSERT 3[0m in 0.04s]
[0m18:28:24.308472 [debug] [Thread-1 (]: Finished running node seed.language_platform.exercises
[0m18:28:24.309474 [debug] [Thread-1 (]: Began running node seed.language_platform.languages
[0m18:28:24.310488 [info ] [Thread-1 (]: 3 of 6 START seed file main.languages .......................................... [RUN]
[0m18:28:24.310488 [debug] [Thread-1 (]: Re-using an available connection from the pool (formerly seed.language_platform.exercises, now seed.language_platform.languages)
[0m18:28:24.311487 [debug] [Thread-1 (]: Began compiling node seed.language_platform.languages
[0m18:28:24.312487 [debug] [Thread-1 (]: Began executing node seed.language_platform.languages
[0m18:28:24.317487 [debug] [Thread-1 (]: Using duckdb connection "seed.language_platform.languages"
[0m18:28:24.318872 [debug] [Thread-1 (]: On seed.language_platform.languages: BEGIN
[0m18:28:24.319533 [debug] [Thread-1 (]: Opening a new connection, currently in state closed
[0m18:28:24.320640 [debug] [Thread-1 (]: SQL status: OK in 0.001 seconds
[0m18:28:24.321189 [debug] [Thread-1 (]: Using duckdb connection "seed.language_platform.languages"
[0m18:28:24.321722 [debug] [Thread-1 (]: On seed.language_platform.languages: /* {"app": "dbt", "dbt_version": "1.11.10", "profile_name": "language_platform", "target_name": "dev", "node_id": "seed.language_platform.languages"} */
truncate table "language_db"."main"."languages"
[0m18:28:24.323363 [debug] [Thread-1 (]: SQL status: OK in 0.001 seconds
[0m18:28:24.324983 [debug] [Thread-1 (]: Using duckdb connection "seed.language_platform.languages"
[0m18:28:24.325518 [debug] [Thread-1 (]: On seed.language_platform.languages: 
          COPY "language_db"."main"."languages" FROM 'C:\Users\kartu\Downloads\MGIMO_BigData-main\LAB2\language_platform\seeds\languages.csv' (FORMAT CSV, HEADER TRUE, DELIMITER ',')
        ...
[0m18:28:24.328797 [debug] [Thread-1 (]: SQL status: OK in 0.002 seconds
[0m18:28:24.329354 [debug] [Thread-1 (]: Writing runtime SQL for node "seed.language_platform.languages"
[0m18:28:24.332378 [debug] [Thread-1 (]: On seed.language_platform.languages: COMMIT
[0m18:28:24.332378 [debug] [Thread-1 (]: Using duckdb connection "seed.language_platform.languages"
[0m18:28:24.333392 [debug] [Thread-1 (]: On seed.language_platform.languages: COMMIT
[0m18:28:24.337375 [debug] [Thread-1 (]: SQL status: OK in 0.003 seconds
[0m18:28:24.338376 [debug] [Thread-1 (]: On seed.language_platform.languages: Close
[0m18:28:24.339392 [debug] [Thread-1 (]: Sending event: {'category': 'dbt', 'action': 'run_model', 'label': 'c3afb32b-6715-4164-b28c-7e726e3603fa', 'context': [<snowplow_tracker.self_describing_json.SelfDescribingJson object at 0x0000029E45912CD0>]}
[0m18:28:24.340392 [info ] [Thread-1 (]: 3 of 6 OK loaded seed file main.languages ...................................... [[32mINSERT 3[0m in 0.03s]
[0m18:28:24.341381 [debug] [Thread-1 (]: Finished running node seed.language_platform.languages
[0m18:28:24.342402 [debug] [Thread-1 (]: Began running node seed.language_platform.lessons
[0m18:28:24.342402 [info ] [Thread-1 (]: 4 of 6 START seed file main.lessons ............................................ [RUN]
[0m18:28:24.343376 [debug] [Thread-1 (]: Re-using an available connection from the pool (formerly seed.language_platform.languages, now seed.language_platform.lessons)
[0m18:28:24.344376 [debug] [Thread-1 (]: Began compiling node seed.language_platform.lessons
[0m18:28:24.344376 [debug] [Thread-1 (]: Began executing node seed.language_platform.lessons
[0m18:28:24.353130 [debug] [Thread-1 (]: Using duckdb connection "seed.language_platform.lessons"
[0m18:28:24.353664 [debug] [Thread-1 (]: On seed.language_platform.lessons: BEGIN
[0m18:28:24.354196 [debug] [Thread-1 (]: Opening a new connection, currently in state closed
[0m18:28:24.355270 [debug] [Thread-1 (]: SQL status: OK in 0.001 seconds
[0m18:28:24.355837 [debug] [Thread-1 (]: Using duckdb connection "seed.language_platform.lessons"
[0m18:28:24.356395 [debug] [Thread-1 (]: On seed.language_platform.lessons: /* {"app": "dbt", "dbt_version": "1.11.10", "profile_name": "language_platform", "target_name": "dev", "node_id": "seed.language_platform.lessons"} */
truncate table "language_db"."main"."lessons"
[0m18:28:24.357967 [debug] [Thread-1 (]: SQL status: OK in 0.001 seconds
[0m18:28:24.358969 [debug] [Thread-1 (]: Using duckdb connection "seed.language_platform.lessons"
[0m18:28:24.359965 [debug] [Thread-1 (]: On seed.language_platform.lessons: 
          COPY "language_db"."main"."lessons" FROM 'C:\Users\kartu\Downloads\MGIMO_BigData-main\LAB2\language_platform\seeds\lessons.csv' (FORMAT CSV, HEADER TRUE, DELIMITER ',')
        ...
[0m18:28:24.362967 [debug] [Thread-1 (]: SQL status: OK in 0.002 seconds
[0m18:28:24.363973 [debug] [Thread-1 (]: Writing runtime SQL for node "seed.language_platform.lessons"
[0m18:28:24.365970 [debug] [Thread-1 (]: On seed.language_platform.lessons: COMMIT
[0m18:28:24.367480 [debug] [Thread-1 (]: Using duckdb connection "seed.language_platform.lessons"
[0m18:28:24.367480 [debug] [Thread-1 (]: On seed.language_platform.lessons: COMMIT
[0m18:28:24.371494 [debug] [Thread-1 (]: SQL status: OK in 0.003 seconds
[0m18:28:24.372490 [debug] [Thread-1 (]: On seed.language_platform.lessons: Close
[0m18:28:24.373492 [debug] [Thread-1 (]: Sending event: {'category': 'dbt', 'action': 'run_model', 'label': 'c3afb32b-6715-4164-b28c-7e726e3603fa', 'context': [<snowplow_tracker.self_describing_json.SelfDescribingJson object at 0x0000029E46FB4A10>]}
[0m18:28:24.374494 [info ] [Thread-1 (]: 4 of 6 OK loaded seed file main.lessons ........................................ [[32mINSERT 4[0m in 0.03s]
[0m18:28:24.375492 [debug] [Thread-1 (]: Finished running node seed.language_platform.lessons
[0m18:28:24.375492 [debug] [Thread-1 (]: Began running node seed.language_platform.progress
[0m18:28:24.376494 [info ] [Thread-1 (]: 5 of 6 START seed file main.progress ........................................... [RUN]
[0m18:28:24.377494 [debug] [Thread-1 (]: Re-using an available connection from the pool (formerly seed.language_platform.lessons, now seed.language_platform.progress)
[0m18:28:24.378492 [debug] [Thread-1 (]: Began compiling node seed.language_platform.progress
[0m18:28:24.378492 [debug] [Thread-1 (]: Began executing node seed.language_platform.progress
[0m18:28:24.384489 [debug] [Thread-1 (]: Using duckdb connection "seed.language_platform.progress"
[0m18:28:24.385504 [debug] [Thread-1 (]: On seed.language_platform.progress: BEGIN
[0m18:28:24.386504 [debug] [Thread-1 (]: Opening a new connection, currently in state closed
[0m18:28:24.387521 [debug] [Thread-1 (]: SQL status: OK in 0.001 seconds
[0m18:28:24.387521 [debug] [Thread-1 (]: Using duckdb connection "seed.language_platform.progress"
[0m18:28:24.388520 [debug] [Thread-1 (]: On seed.language_platform.progress: /* {"app": "dbt", "dbt_version": "1.11.10", "profile_name": "language_platform", "target_name": "dev", "node_id": "seed.language_platform.progress"} */
truncate table "language_db"."main"."progress"
[0m18:28:24.389491 [debug] [Thread-1 (]: SQL status: OK in 0.001 seconds
[0m18:28:24.391494 [debug] [Thread-1 (]: Using duckdb connection "seed.language_platform.progress"
[0m18:28:24.392491 [debug] [Thread-1 (]: On seed.language_platform.progress: 
          COPY "language_db"."main"."progress" FROM 'C:\Users\kartu\Downloads\MGIMO_BigData-main\LAB2\language_platform\seeds\progress.csv' (FORMAT CSV, HEADER TRUE, DELIMITER ',')
        ...
[0m18:28:24.395492 [debug] [Thread-1 (]: SQL status: OK in 0.002 seconds
[0m18:28:24.397493 [debug] [Thread-1 (]: Writing runtime SQL for node "seed.language_platform.progress"
[0m18:28:24.399492 [debug] [Thread-1 (]: On seed.language_platform.progress: COMMIT
[0m18:28:24.400489 [debug] [Thread-1 (]: Using duckdb connection "seed.language_platform.progress"
[0m18:28:24.400489 [debug] [Thread-1 (]: On seed.language_platform.progress: COMMIT
[0m18:28:24.404495 [debug] [Thread-1 (]: SQL status: OK in 0.003 seconds
[0m18:28:24.405492 [debug] [Thread-1 (]: On seed.language_platform.progress: Close
[0m18:28:24.406493 [debug] [Thread-1 (]: Sending event: {'category': 'dbt', 'action': 'run_model', 'label': 'c3afb32b-6715-4164-b28c-7e726e3603fa', 'context': [<snowplow_tracker.self_describing_json.SelfDescribingJson object at 0x0000029E46FBCB10>]}
[0m18:28:24.407489 [info ] [Thread-1 (]: 5 of 6 OK loaded seed file main.progress ....................................... [[32mINSERT 5[0m in 0.03s]
[0m18:28:24.408521 [debug] [Thread-1 (]: Finished running node seed.language_platform.progress
[0m18:28:24.408521 [debug] [Thread-1 (]: Began running node seed.language_platform.users
[0m18:28:24.409504 [info ] [Thread-1 (]: 6 of 6 START seed file main.users .............................................. [RUN]
[0m18:28:24.410496 [debug] [Thread-1 (]: Re-using an available connection from the pool (formerly seed.language_platform.progress, now seed.language_platform.users)
[0m18:28:24.411526 [debug] [Thread-1 (]: Began compiling node seed.language_platform.users
[0m18:28:24.412505 [debug] [Thread-1 (]: Began executing node seed.language_platform.users
[0m18:28:24.418510 [debug] [Thread-1 (]: Using duckdb connection "seed.language_platform.users"
[0m18:28:24.419504 [debug] [Thread-1 (]: On seed.language_platform.users: BEGIN
[0m18:28:24.419504 [debug] [Thread-1 (]: Opening a new connection, currently in state closed
[0m18:28:24.420504 [debug] [Thread-1 (]: SQL status: OK in 0.001 seconds
[0m18:28:24.421520 [debug] [Thread-1 (]: Using duckdb connection "seed.language_platform.users"
[0m18:28:24.421520 [debug] [Thread-1 (]: On seed.language_platform.users: /* {"app": "dbt", "dbt_version": "1.11.10", "profile_name": "language_platform", "target_name": "dev", "node_id": "seed.language_platform.users"} */
truncate table "language_db"."main"."users"
[0m18:28:24.422520 [debug] [Thread-1 (]: SQL status: OK in 0.001 seconds
[0m18:28:24.425521 [debug] [Thread-1 (]: Using duckdb connection "seed.language_platform.users"
[0m18:28:24.425521 [debug] [Thread-1 (]: On seed.language_platform.users: 
          COPY "language_db"."main"."users" FROM 'C:\Users\kartu\Downloads\MGIMO_BigData-main\LAB2\language_platform\seeds\users.csv' (FORMAT CSV, HEADER TRUE, DELIMITER ',')
        ...
[0m18:28:24.429520 [debug] [Thread-1 (]: SQL status: OK in 0.002 seconds
[0m18:28:24.430520 [debug] [Thread-1 (]: Writing runtime SQL for node "seed.language_platform.users"
[0m18:28:24.432521 [debug] [Thread-1 (]: On seed.language_platform.users: COMMIT
[0m18:28:24.433504 [debug] [Thread-1 (]: Using duckdb connection "seed.language_platform.users"
[0m18:28:24.434495 [debug] [Thread-1 (]: On seed.language_platform.users: COMMIT
[0m18:28:24.438504 [debug] [Thread-1 (]: SQL status: OK in 0.003 seconds
[0m18:28:24.440505 [debug] [Thread-1 (]: On seed.language_platform.users: Close
[0m18:28:24.440505 [debug] [Thread-1 (]: Sending event: {'category': 'dbt', 'action': 'run_model', 'label': 'c3afb32b-6715-4164-b28c-7e726e3603fa', 'context': [<snowplow_tracker.self_describing_json.SelfDescribingJson object at 0x0000029E46FA2F90>]}
[0m18:28:24.441504 [info ] [Thread-1 (]: 6 of 6 OK loaded seed file main.users .......................................... [[32mINSERT 3[0m in 0.03s]
[0m18:28:24.443529 [debug] [Thread-1 (]: Finished running node seed.language_platform.users
[0m18:28:24.444529 [debug] [MainThread]: Using duckdb connection "master"
[0m18:28:24.445520 [debug] [MainThread]: On master: BEGIN
[0m18:28:24.445520 [debug] [MainThread]: Opening a new connection, currently in state closed
[0m18:28:24.446545 [debug] [MainThread]: SQL status: OK in 0.001 seconds
[0m18:28:24.447525 [debug] [MainThread]: On master: COMMIT
[0m18:28:24.447525 [debug] [MainThread]: Using duckdb connection "master"
[0m18:28:24.448525 [debug] [MainThread]: On master: COMMIT
[0m18:28:24.448525 [debug] [MainThread]: SQL status: OK in 0.000 seconds
[0m18:28:24.449525 [debug] [MainThread]: On master: Close
[0m18:28:24.450543 [debug] [MainThread]: Connection 'master' was properly closed.
[0m18:28:24.450543 [debug] [MainThread]: Connection 'create_language_db_main' was properly closed.
[0m18:28:24.450543 [debug] [MainThread]: Connection 'list_language_db_main' was properly closed.
[0m18:28:24.451541 [debug] [MainThread]: Connection 'seed.language_platform.users' was properly closed.
[0m18:28:24.452515 [info ] [MainThread]: 
[0m18:28:24.452515 [info ] [MainThread]: Finished running 6 seeds in 0 hours 0 minutes and 0.46 seconds (0.46s).
[0m18:28:24.455525 [debug] [MainThread]: Command end result
[0m18:28:24.494635 [debug] [MainThread]: Wrote artifact WritableManifest to C:\Users\kartu\Downloads\MGIMO_BigData-main\LAB2\language_platform\target\manifest.json
[0m18:28:24.497393 [debug] [MainThread]: Wrote artifact SemanticManifest to C:\Users\kartu\Downloads\MGIMO_BigData-main\LAB2\language_platform\target\semantic_manifest.json
[0m18:28:24.503556 [debug] [MainThread]: Wrote artifact RunExecutionResult to C:\Users\kartu\Downloads\MGIMO_BigData-main\LAB2\language_platform\target\run_results.json
[0m18:28:24.504571 [info ] [MainThread]: 
[0m18:28:24.505563 [info ] [MainThread]: [32mCompleted successfully[0m
[0m18:28:24.506571 [info ] [MainThread]: 
[0m18:28:24.506571 [info ] [MainThread]: Done. PASS=6 WARN=0 ERROR=0 SKIP=0 NO-OP=0 TOTAL=6
[0m18:28:24.508589 [debug] [MainThread]: Command `dbt seed` succeeded at 18:28:24.508589 after 1.70 seconds
[0m18:28:24.509571 [debug] [MainThread]: Sending event: {'category': 'dbt', 'action': 'invocation', 'label': 'end', 'context': [<snowplow_tracker.self_describing_json.SelfDescribingJson object at 0x0000029E443A1650>, <snowplow_tracker.self_describing_json.SelfDescribingJson object at 0x0000029E443A1550>, <snowplow_tracker.self_describing_json.SelfDescribingJson object at 0x0000029E3D5C9FD0>]}
[0m18:28:24.509571 [debug] [MainThread]: Flushing usage events
[0m18:28:25.306743 [debug] [MainThread]: An error was encountered while trying to flush usage events
[0m18:28:44.920429 [debug] [MainThread]: Sending event: {'category': 'dbt', 'action': 'invocation', 'label': 'start', 'context': [<snowplow_tracker.self_describing_json.SelfDescribingJson object at 0x00000229DF55B510>, <snowplow_tracker.self_describing_json.SelfDescribingJson object at 0x00000229DF561750>, <snowplow_tracker.self_describing_json.SelfDescribingJson object at 0x00000229DF561BD0>]}


============================== 18:28:44.924413 | 73010181-51db-4b17-8474-e013dedfafe6 ==============================
[0m18:28:44.924413 [info ] [MainThread]: Running with dbt=1.11.10
[0m18:28:44.926429 [debug] [MainThread]: running dbt with arguments {'version_check': 'True', 'no_print': 'None', 'static_parser': 'True', 'target_path': 'None', 'warn_error_options': 'WarnErrorOptionsV2(error=[], warn=[], silence=[])', 'printer_width': '80', 'write_json': 'True', 'introspect': 'True', 'log_cache_events': 'False', 'empty': 'False', 'cache_selected_only': 'False', 'fail_fast': 'False', 'debug': 'False', 'log_format': 'default', 'profiles_dir': 'C:\\Users\\kartu\\.dbt', 'send_anonymous_usage_stats': 'True', 'quiet': 'False', 'warn_error': 'None', 'partial_parse': 'True', 'use_colors': 'True', 'invocation_command': 'dbt run', 'indirect_selection': 'eager', 'use_experimental_parser': 'False', 'log_path': 'C:\\Users\\kartu\\Downloads\\MGIMO_BigData-main\\LAB2\\language_platform\\logs'}
[0m18:28:45.160401 [debug] [MainThread]: Sending event: {'category': 'dbt', 'action': 'project_id', 'label': '73010181-51db-4b17-8474-e013dedfafe6', 'context': [<snowplow_tracker.self_describing_json.SelfDescribingJson object at 0x00000229E07ABC90>]}
[0m18:28:45.218579 [debug] [MainThread]: Sending event: {'category': 'dbt', 'action': 'adapter_info', 'label': '73010181-51db-4b17-8474-e013dedfafe6', 'context': [<snowplow_tracker.self_describing_json.SelfDescribingJson object at 0x00000229E05E4C10>]}
[0m18:28:45.221563 [info ] [MainThread]: Registered adapter: duckdb=1.10.1
[0m18:28:45.517639 [debug] [MainThread]: checksum: 2f247960199844e016e6a527f21364251736722c6212f4b11e96849fe0fc9e96, vars: {}, profile: , target: , version: 1.11.10
[0m18:28:45.663286 [debug] [MainThread]: Partial parsing enabled: 0 files deleted, 0 files added, 1 files changed.
[0m18:28:45.663822 [debug] [MainThread]: Partial parsing: updated file: language_platform://models\mrt_user_learning_progress.sql
[0m18:28:45.950218 [warn ] [MainThread]: [[33mWARNING[0m]: Configuration paths exist in your dbt_project.yml file which do not apply to any resources.
There are 1 unused configuration paths:
- models.language_platform.example
[0m18:28:45.956214 [debug] [MainThread]: Sending event: {'category': 'dbt', 'action': 'load_project', 'label': '73010181-51db-4b17-8474-e013dedfafe6', 'context': [<snowplow_tracker.self_describing_json.SelfDescribingJson object at 0x00000229E08B8C10>]}
[0m18:28:46.032843 [debug] [MainThread]: Wrote artifact WritableManifest to C:\Users\kartu\Downloads\MGIMO_BigData-main\LAB2\language_platform\target\manifest.json
[0m18:28:46.035843 [debug] [MainThread]: Wrote artifact SemanticManifest to C:\Users\kartu\Downloads\MGIMO_BigData-main\LAB2\language_platform\target\semantic_manifest.json
[0m18:28:46.052815 [debug] [MainThread]: Sending event: {'category': 'dbt', 'action': 'resource_counts', 'label': '73010181-51db-4b17-8474-e013dedfafe6', 'context': [<snowplow_tracker.self_describing_json.SelfDescribingJson object at 0x00000229E0B5B890>]}
[0m18:28:46.053825 [info ] [MainThread]: Found 6 seeds, 1 model, 477 macros
[0m18:28:46.054820 [debug] [MainThread]: Sending event: {'category': 'dbt', 'action': 'runnable_timing', 'label': '73010181-51db-4b17-8474-e013dedfafe6', 'context': [<snowplow_tracker.self_describing_json.SelfDescribingJson object at 0x00000229E0D3B9D0>]}
[0m18:28:46.056811 [info ] [MainThread]: 
[0m18:28:46.057812 [info ] [MainThread]: Concurrency: 1 threads (target='dev')
[0m18:28:46.058815 [info ] [MainThread]: 
[0m18:28:46.059811 [debug] [MainThread]: Acquiring new duckdb connection 'master'
[0m18:28:46.061811 [debug] [ThreadPool]: Acquiring new duckdb connection 'list_language_db'
[0m18:28:46.138900 [debug] [ThreadPool]: Using duckdb connection "list_language_db"
[0m18:28:46.138900 [debug] [ThreadPool]: On list_language_db: /* {"app": "dbt", "dbt_version": "1.11.10", "profile_name": "language_platform", "target_name": "dev", "connection_name": "list_language_db"} */

    
    select schema_name
    from system.information_schema.schemata
    
    where lower(catalog_name) = '"language_db"'
    
  
  
[0m18:28:46.139884 [debug] [ThreadPool]: Opening a new connection, currently in state init
[0m18:28:46.167900 [debug] [ThreadPool]: SQL status: OK in 0.028 seconds
[0m18:28:46.169900 [debug] [ThreadPool]: On list_language_db: Close
[0m18:28:46.170900 [debug] [ThreadPool]: Re-using an available connection from the pool (formerly list_language_db, now create_language_db_main)
[0m18:28:46.171900 [debug] [ThreadPool]: Creating schema "database: "language_db"
schema: "main"
"
[0m18:28:46.177885 [debug] [ThreadPool]: Using duckdb connection "create_language_db_main"
[0m18:28:46.178900 [debug] [ThreadPool]: On create_language_db_main: /* {"app": "dbt", "dbt_version": "1.11.10", "profile_name": "language_platform", "target_name": "dev", "connection_name": "create_language_db_main"} */

    
        select type from duckdb_databases()
        where lower(database_name)='language_db'
        and type='sqlite'
    
  
[0m18:28:46.179938 [debug] [ThreadPool]: Opening a new connection, currently in state closed
[0m18:28:46.180922 [debug] [ThreadPool]: SQL status: OK in 0.001 seconds
[0m18:28:46.181921 [debug] [ThreadPool]: Using duckdb connection "create_language_db_main"
[0m18:28:46.182937 [debug] [ThreadPool]: On create_language_db_main: BEGIN
[0m18:28:46.183938 [debug] [ThreadPool]: SQL status: OK in 0.000 seconds
[0m18:28:46.183938 [debug] [ThreadPool]: Using duckdb connection "create_language_db_main"
[0m18:28:46.184922 [debug] [ThreadPool]: On create_language_db_main: /* {"app": "dbt", "dbt_version": "1.11.10", "profile_name": "language_platform", "target_name": "dev", "connection_name": "create_language_db_main"} */

    
    
        create schema if not exists "language_db"."main"
    
[0m18:28:46.185938 [debug] [ThreadPool]: SQL status: OK in 0.000 seconds
[0m18:28:46.186921 [debug] [ThreadPool]: On create_language_db_main: COMMIT
[0m18:28:46.186921 [debug] [ThreadPool]: Using duckdb connection "create_language_db_main"
[0m18:28:46.187913 [debug] [ThreadPool]: On create_language_db_main: COMMIT
[0m18:28:46.188910 [debug] [ThreadPool]: SQL status: OK in 0.000 seconds
[0m18:28:46.188910 [debug] [ThreadPool]: On create_language_db_main: Close
[0m18:28:46.194430 [debug] [ThreadPool]: Acquiring new duckdb connection 'list_language_db_main'
[0m18:28:46.200467 [debug] [ThreadPool]: Using duckdb connection "list_language_db_main"
[0m18:28:46.201467 [debug] [ThreadPool]: On list_language_db_main: BEGIN
[0m18:28:46.201467 [debug] [ThreadPool]: Opening a new connection, currently in state init
[0m18:28:46.202467 [debug] [ThreadPool]: SQL status: OK in 0.001 seconds
[0m18:28:46.203451 [debug] [ThreadPool]: Using duckdb connection "list_language_db_main"
[0m18:28:46.203451 [debug] [ThreadPool]: On list_language_db_main: /* {"app": "dbt", "dbt_version": "1.11.10", "profile_name": "language_platform", "target_name": "dev", "connection_name": "list_language_db_main"} */
select
      'language_db' as database,
      table_name as name,
      table_schema as schema,
      CASE table_type
        WHEN 'BASE TABLE' THEN 'table'
        WHEN 'VIEW' THEN 'view'
        WHEN 'LOCAL TEMPORARY' THEN 'table'
        END as type
    from system.information_schema.tables
    where lower(table_schema) = 'main'
    and lower(table_catalog) = 'language_db'
  
[0m18:28:46.207467 [debug] [ThreadPool]: SQL status: OK in 0.004 seconds
[0m18:28:46.210453 [debug] [ThreadPool]: On list_language_db_main: ROLLBACK
[0m18:28:46.211452 [debug] [ThreadPool]: Failed to rollback 'list_language_db_main'
[0m18:28:46.212452 [debug] [ThreadPool]: On list_language_db_main: Close
[0m18:28:46.214467 [debug] [MainThread]: Sending event: {'category': 'dbt', 'action': 'runnable_timing', 'label': '73010181-51db-4b17-8474-e013dedfafe6', 'context': [<snowplow_tracker.self_describing_json.SelfDescribingJson object at 0x00000229E0B80950>]}
[0m18:28:46.214467 [debug] [MainThread]: Using duckdb connection "master"
[0m18:28:46.215469 [debug] [MainThread]: On master: BEGIN
[0m18:28:46.216452 [debug] [MainThread]: Opening a new connection, currently in state init
[0m18:28:46.216452 [debug] [MainThread]: SQL status: OK in 0.001 seconds
[0m18:28:46.217451 [debug] [MainThread]: On master: COMMIT
[0m18:28:46.217451 [debug] [MainThread]: Using duckdb connection "master"
[0m18:28:46.218442 [debug] [MainThread]: On master: COMMIT
[0m18:28:46.219468 [debug] [MainThread]: SQL status: OK in 0.000 seconds
[0m18:28:46.219468 [debug] [MainThread]: On master: Close
[0m18:28:46.223438 [debug] [Thread-1 (]: Began running node model.language_platform.mrt_user_learning_progress
[0m18:28:46.224435 [info ] [Thread-1 (]: 1 of 1 START sql table model main.mrt_user_learning_progress ................... [RUN]
[0m18:28:46.226440 [debug] [Thread-1 (]: Acquiring new duckdb connection 'model.language_platform.mrt_user_learning_progress'
[0m18:28:46.226440 [debug] [Thread-1 (]: Began compiling node model.language_platform.mrt_user_learning_progress
[0m18:28:46.235435 [debug] [Thread-1 (]: Writing injected SQL for node "model.language_platform.mrt_user_learning_progress"
[0m18:28:46.236436 [debug] [Thread-1 (]: Began executing node model.language_platform.mrt_user_learning_progress
[0m18:28:46.274569 [debug] [Thread-1 (]: Writing runtime sql for node "model.language_platform.mrt_user_learning_progress"
[0m18:28:46.275569 [debug] [Thread-1 (]: Using duckdb connection "model.language_platform.mrt_user_learning_progress"
[0m18:28:46.276570 [debug] [Thread-1 (]: On model.language_platform.mrt_user_learning_progress: BEGIN
[0m18:28:46.276570 [debug] [Thread-1 (]: Opening a new connection, currently in state init
[0m18:28:46.277570 [debug] [Thread-1 (]: SQL status: OK in 0.001 seconds
[0m18:28:46.278572 [debug] [Thread-1 (]: Using duckdb connection "model.language_platform.mrt_user_learning_progress"
[0m18:28:46.278572 [debug] [Thread-1 (]: On model.language_platform.mrt_user_learning_progress: /* {"app": "dbt", "dbt_version": "1.11.10", "profile_name": "language_platform", "target_name": "dev", "node_id": "model.language_platform.mrt_user_learning_progress"} */

  
    
    

    create  table
      "language_db"."main"."mrt_user_learning_progress__dbt_tmp"
  
    as (
      

with source_data as (
    select
        u.user_name,
        l.lang_name as language,
        les.lesson_title,
        p.score,
        d.words_learned
    from "language_db"."main"."progress" p
    join "language_db"."main"."users" u on p.user_id = u.user_id
    join "language_db"."main"."lessons" les on p.lesson_id = les.lesson_id
    join "language_db"."main"."languages" l on les.lang_id = l.lang_id
    left join "language_db"."main"."dictionaries" d on u.user_id = d.user_id and l.lang_id = d.lang_id
)

select 
    user_name,
    language,
    count(lesson_title) as lessons_completed,
    avg(score) as avg_score,
    max(words_learned) as total_words
from source_data
group by 1, 2
    );
  
  
[0m18:28:46.285594 [debug] [Thread-1 (]: SQL status: OK in 0.006 seconds
[0m18:28:46.292596 [debug] [Thread-1 (]: Using duckdb connection "model.language_platform.mrt_user_learning_progress"
[0m18:28:46.292596 [debug] [Thread-1 (]: On model.language_platform.mrt_user_learning_progress: /* {"app": "dbt", "dbt_version": "1.11.10", "profile_name": "language_platform", "target_name": "dev", "node_id": "model.language_platform.mrt_user_learning_progress"} */

    SELECT index_name
    FROM duckdb_indexes()
    WHERE schema_name = 'main'
      AND table_name = 'mrt_user_learning_progress'
  
[0m18:28:46.294133 [debug] [Thread-1 (]: SQL status: OK in 0.001 seconds
[0m18:28:46.296174 [debug] [Thread-1 (]: Using duckdb connection "model.language_platform.mrt_user_learning_progress"
[0m18:28:46.297158 [debug] [Thread-1 (]: On model.language_platform.mrt_user_learning_progress: /* {"app": "dbt", "dbt_version": "1.11.10", "profile_name": "language_platform", "target_name": "dev", "node_id": "model.language_platform.mrt_user_learning_progress"} */

    SELECT COUNT(*) as remaining_indexes
    FROM duckdb_indexes()
    WHERE schema_name = 'main'
      AND table_name = 'mrt_user_learning_progress'
  
[0m18:28:46.298158 [debug] [Thread-1 (]: SQL status: OK in 0.001 seconds
[0m18:28:46.305174 [debug] [Thread-1 (]: Using duckdb connection "model.language_platform.mrt_user_learning_progress"
[0m18:28:46.306174 [debug] [Thread-1 (]: On model.language_platform.mrt_user_learning_progress: /* {"app": "dbt", "dbt_version": "1.11.10", "profile_name": "language_platform", "target_name": "dev", "node_id": "model.language_platform.mrt_user_learning_progress"} */
alter table "language_db"."main"."mrt_user_learning_progress" rename to "mrt_user_learning_progress__dbt_backup"
[0m18:28:46.307174 [debug] [Thread-1 (]: SQL status: OK in 0.000 seconds
[0m18:28:46.311174 [debug] [Thread-1 (]: Using duckdb connection "model.language_platform.mrt_user_learning_progress"
[0m18:28:46.312174 [debug] [Thread-1 (]: On model.language_platform.mrt_user_learning_progress: /* {"app": "dbt", "dbt_version": "1.11.10", "profile_name": "language_platform", "target_name": "dev", "node_id": "model.language_platform.mrt_user_learning_progress"} */
alter table "language_db"."main"."mrt_user_learning_progress__dbt_tmp" rename to "mrt_user_learning_progress"
[0m18:28:46.313150 [debug] [Thread-1 (]: SQL status: OK in 0.000 seconds
[0m18:28:46.329174 [debug] [Thread-1 (]: On model.language_platform.mrt_user_learning_progress: COMMIT
[0m18:28:46.330174 [debug] [Thread-1 (]: Using duckdb connection "model.language_platform.mrt_user_learning_progress"
[0m18:28:46.330174 [debug] [Thread-1 (]: On model.language_platform.mrt_user_learning_progress: COMMIT
[0m18:28:46.335153 [debug] [Thread-1 (]: SQL status: OK in 0.004 seconds
[0m18:28:46.341158 [debug] [Thread-1 (]: Using duckdb connection "model.language_platform.mrt_user_learning_progress"
[0m18:28:46.342174 [debug] [Thread-1 (]: On model.language_platform.mrt_user_learning_progress: /* {"app": "dbt", "dbt_version": "1.11.10", "profile_name": "language_platform", "target_name": "dev", "node_id": "model.language_platform.mrt_user_learning_progress"} */

      drop table if exists "language_db"."main"."mrt_user_learning_progress__dbt_backup" cascade
    
[0m18:28:46.345174 [debug] [Thread-1 (]: SQL status: OK in 0.003 seconds
[0m18:28:46.348174 [debug] [Thread-1 (]: On model.language_platform.mrt_user_learning_progress: Close
[0m18:28:46.351159 [debug] [Thread-1 (]: Sending event: {'category': 'dbt', 'action': 'run_model', 'label': '73010181-51db-4b17-8474-e013dedfafe6', 'context': [<snowplow_tracker.self_describing_json.SelfDescribingJson object at 0x00000229E05FC9D0>]}
[0m18:28:46.352158 [info ] [Thread-1 (]: 1 of 1 OK created sql table model main.mrt_user_learning_progress .............. [[32mOK[0m in 0.12s]
[0m18:28:46.353174 [debug] [Thread-1 (]: Finished running node model.language_platform.mrt_user_learning_progress
[0m18:28:46.355151 [debug] [MainThread]: Using duckdb connection "master"
[0m18:28:46.356174 [debug] [MainThread]: On master: BEGIN
[0m18:28:46.356174 [debug] [MainThread]: Opening a new connection, currently in state closed
[0m18:28:46.357160 [debug] [MainThread]: SQL status: OK in 0.001 seconds
[0m18:28:46.357160 [debug] [MainThread]: On master: COMMIT
[0m18:28:46.358174 [debug] [MainThread]: Using duckdb connection "master"
[0m18:28:46.358174 [debug] [MainThread]: On master: COMMIT
[0m18:28:46.359158 [debug] [MainThread]: SQL status: OK in 0.000 seconds
[0m18:28:46.360158 [debug] [MainThread]: On master: Close
[0m18:28:46.360158 [debug] [MainThread]: Connection 'master' was properly closed.
[0m18:28:46.361150 [debug] [MainThread]: Connection 'create_language_db_main' was properly closed.
[0m18:28:46.361150 [debug] [MainThread]: Connection 'list_language_db_main' was properly closed.
[0m18:28:46.362158 [debug] [MainThread]: Connection 'model.language_platform.mrt_user_learning_progress' was properly closed.
[0m18:28:46.362158 [info ] [MainThread]: 
[0m18:28:46.363159 [info ] [MainThread]: Finished running 1 table model in 0 hours 0 minutes and 0.30 seconds (0.30s).
[0m18:28:46.364159 [debug] [MainThread]: Command end result
[0m18:28:46.399691 [debug] [MainThread]: Wrote artifact WritableManifest to C:\Users\kartu\Downloads\MGIMO_BigData-main\LAB2\language_platform\target\manifest.json
[0m18:28:46.402696 [debug] [MainThread]: Wrote artifact SemanticManifest to C:\Users\kartu\Downloads\MGIMO_BigData-main\LAB2\language_platform\target\semantic_manifest.json
[0m18:28:46.409698 [debug] [MainThread]: Wrote artifact RunExecutionResult to C:\Users\kartu\Downloads\MGIMO_BigData-main\LAB2\language_platform\target\run_results.json
[0m18:28:46.410709 [info ] [MainThread]: 
[0m18:28:46.411696 [info ] [MainThread]: [32mCompleted successfully[0m
[0m18:28:46.411696 [info ] [MainThread]: 
[0m18:28:46.412708 [info ] [MainThread]: Done. PASS=1 WARN=0 ERROR=0 SKIP=0 NO-OP=0 TOTAL=1
[0m18:28:46.413708 [debug] [MainThread]: Command `dbt run` succeeded at 18:28:46.413708 after 1.58 seconds
[0m18:28:46.414708 [debug] [MainThread]: Sending event: {'category': 'dbt', 'action': 'invocation', 'label': 'end', 'context': [<snowplow_tracker.self_describing_json.SelfDescribingJson object at 0x00000229D873A110>, <snowplow_tracker.self_describing_json.SelfDescribingJson object at 0x00000229D8739FD0>, <snowplow_tracker.self_describing_json.SelfDescribingJson object at 0x00000229D873A550>]}
[0m18:28:46.414708 [debug] [MainThread]: Flushing usage events
[0m18:28:47.029814 [debug] [MainThread]: An error was encountered while trying to flush usage events
[0m18:28:58.900582 [debug] [MainThread]: Sending event: {'category': 'dbt', 'action': 'invocation', 'label': 'start', 'context': [<snowplow_tracker.self_describing_json.SelfDescribingJson object at 0x0000016DA5C70950>, <snowplow_tracker.self_describing_json.SelfDescribingJson object at 0x0000016DA5A28910>, <snowplow_tracker.self_describing_json.SelfDescribingJson object at 0x0000016DA5C70D10>]}


============================== 18:28:58.904582 | 196ef751-6678-42f2-b767-406a512df32c ==============================
[0m18:28:58.904582 [info ] [MainThread]: Running with dbt=1.11.10
[0m18:28:58.905586 [debug] [MainThread]: running dbt with arguments {'static_parser': 'True', 'no_print': 'None', 'version_check': 'True', 'target_path': 'None', 'warn_error_options': 'WarnErrorOptionsV2(error=[], warn=[], silence=[])', 'printer_width': '80', 'write_json': 'True', 'introspect': 'True', 'log_cache_events': 'False', 'empty': 'None', 'cache_selected_only': 'False', 'fail_fast': 'False', 'debug': 'False', 'log_format': 'default', 'partial_parse': 'True', 'send_anonymous_usage_stats': 'True', 'quiet': 'False', 'warn_error': 'None', 'profiles_dir': 'C:\\Users\\kartu\\.dbt', 'indirect_selection': 'eager', 'invocation_command': 'dbt docs generate', 'use_colors': 'True', 'use_experimental_parser': 'False', 'log_path': 'C:\\Users\\kartu\\Downloads\\MGIMO_BigData-main\\LAB2\\language_platform\\logs'}
[0m18:28:59.167429 [debug] [MainThread]: Sending event: {'category': 'dbt', 'action': 'project_id', 'label': '196ef751-6678-42f2-b767-406a512df32c', 'context': [<snowplow_tracker.self_describing_json.SelfDescribingJson object at 0x0000016DA6D83F10>]}
[0m18:28:59.258321 [debug] [MainThread]: Sending event: {'category': 'dbt', 'action': 'adapter_info', 'label': '196ef751-6678-42f2-b767-406a512df32c', 'context': [<snowplow_tracker.self_describing_json.SelfDescribingJson object at 0x0000016DA4C715D0>]}
[0m18:28:59.262683 [info ] [MainThread]: Registered adapter: duckdb=1.10.1
[0m18:28:59.749793 [debug] [MainThread]: checksum: 2f247960199844e016e6a527f21364251736722c6212f4b11e96849fe0fc9e96, vars: {}, profile: , target: , version: 1.11.10
[0m18:28:59.974888 [debug] [MainThread]: Partial parsing enabled: 0 files deleted, 0 files added, 0 files changed.
[0m18:28:59.975897 [debug] [MainThread]: Nothing changed, skipping partial parsing.
[0m18:28:59.976893 [debug] [MainThread]: Partial parsing enabled, no changes found, skipping parsing
[0m18:28:59.987889 [warn ] [MainThread]: [[33mWARNING[0m]: Configuration paths exist in your dbt_project.yml file which do not apply to any resources.
There are 1 unused configuration paths:
- models.language_platform.example
[0m18:29:00.041813 [debug] [MainThread]: Sending event: {'category': 'dbt', 'action': 'load_project', 'label': '196ef751-6678-42f2-b767-406a512df32c', 'context': [<snowplow_tracker.self_describing_json.SelfDescribingJson object at 0x0000016DA72EF710>]}
[0m18:29:00.063642 [debug] [MainThread]: Sending event: {'category': 'dbt', 'action': 'resource_counts', 'label': '196ef751-6678-42f2-b767-406a512df32c', 'context': [<snowplow_tracker.self_describing_json.SelfDescribingJson object at 0x0000016DA72FD810>]}
[0m18:29:00.064637 [info ] [MainThread]: Found 6 seeds, 1 model, 477 macros
[0m18:29:00.065638 [debug] [MainThread]: Sending event: {'category': 'dbt', 'action': 'runnable_timing', 'label': '196ef751-6678-42f2-b767-406a512df32c', 'context': [<snowplow_tracker.self_describing_json.SelfDescribingJson object at 0x0000016DA7266790>]}
[0m18:29:00.068651 [info ] [MainThread]: 
[0m18:29:00.070650 [info ] [MainThread]: Concurrency: 1 threads (target='dev')
[0m18:29:00.071630 [info ] [MainThread]: 
[0m18:29:00.072638 [debug] [MainThread]: Acquiring new duckdb connection 'master'
[0m18:29:00.081642 [debug] [ThreadPool]: Acquiring new duckdb connection 'list_language_db_main'
[0m18:29:00.283846 [debug] [ThreadPool]: Using duckdb connection "list_language_db_main"
[0m18:29:00.283846 [debug] [ThreadPool]: On list_language_db_main: BEGIN
[0m18:29:00.284851 [debug] [ThreadPool]: Opening a new connection, currently in state init
[0m18:29:00.320953 [debug] [ThreadPool]: SQL status: OK in 0.036 seconds
[0m18:29:00.321945 [debug] [ThreadPool]: Using duckdb connection "list_language_db_main"
[0m18:29:00.322951 [debug] [ThreadPool]: On list_language_db_main: /* {"app": "dbt", "dbt_version": "1.11.10", "profile_name": "language_platform", "target_name": "dev", "connection_name": "list_language_db_main"} */
select
      'language_db' as database,
      table_name as name,
      table_schema as schema,
      CASE table_type
        WHEN 'BASE TABLE' THEN 'table'
        WHEN 'VIEW' THEN 'view'
        WHEN 'LOCAL TEMPORARY' THEN 'table'
        END as type
    from system.information_schema.tables
    where lower(table_schema) = 'main'
    and lower(table_catalog) = 'language_db'
  
[0m18:29:00.328945 [debug] [ThreadPool]: SQL status: OK in 0.006 seconds
[0m18:29:00.331948 [debug] [ThreadPool]: On list_language_db_main: ROLLBACK
[0m18:29:00.332945 [debug] [ThreadPool]: Failed to rollback 'list_language_db_main'
[0m18:29:00.333951 [debug] [ThreadPool]: On list_language_db_main: Close
[0m18:29:00.337946 [debug] [MainThread]: Sending event: {'category': 'dbt', 'action': 'runnable_timing', 'label': '196ef751-6678-42f2-b767-406a512df32c', 'context': [<snowplow_tracker.self_describing_json.SelfDescribingJson object at 0x0000016DA72FDB90>]}
[0m18:29:00.344951 [debug] [Thread-1 (]: Began running node seed.language_platform.dictionaries
[0m18:29:00.345951 [debug] [Thread-1 (]: Acquiring new duckdb connection 'seed.language_platform.dictionaries'
[0m18:29:00.345951 [debug] [Thread-1 (]: Began compiling node seed.language_platform.dictionaries
[0m18:29:00.355945 [debug] [Thread-1 (]: Began executing node seed.language_platform.dictionaries
[0m18:29:00.356944 [debug] [Thread-1 (]: Finished running node seed.language_platform.dictionaries
[0m18:29:00.357841 [debug] [Thread-1 (]: Began running node seed.language_platform.exercises
[0m18:29:00.358908 [debug] [Thread-1 (]: Re-using an available connection from the pool (formerly seed.language_platform.dictionaries, now seed.language_platform.exercises)
[0m18:29:00.359471 [debug] [Thread-1 (]: Began compiling node seed.language_platform.exercises
[0m18:29:00.364414 [debug] [Thread-1 (]: Began executing node seed.language_platform.exercises
[0m18:29:00.365995 [debug] [Thread-1 (]: Finished running node seed.language_platform.exercises
[0m18:29:00.367045 [debug] [Thread-1 (]: Began running node seed.language_platform.languages
[0m18:29:00.368184 [debug] [Thread-1 (]: Re-using an available connection from the pool (formerly seed.language_platform.exercises, now seed.language_platform.languages)
[0m18:29:00.369280 [debug] [Thread-1 (]: Began compiling node seed.language_platform.languages
[0m18:29:00.373302 [debug] [Thread-1 (]: Began executing node seed.language_platform.languages
[0m18:29:00.374308 [debug] [Thread-1 (]: Finished running node seed.language_platform.languages
[0m18:29:00.375304 [debug] [Thread-1 (]: Began running node seed.language_platform.lessons
[0m18:29:00.376304 [debug] [Thread-1 (]: Re-using an available connection from the pool (formerly seed.language_platform.languages, now seed.language_platform.lessons)
[0m18:29:00.377307 [debug] [Thread-1 (]: Began compiling node seed.language_platform.lessons
[0m18:29:00.382301 [debug] [Thread-1 (]: Began executing node seed.language_platform.lessons
[0m18:29:00.383304 [debug] [Thread-1 (]: Finished running node seed.language_platform.lessons
[0m18:29:00.384301 [debug] [Thread-1 (]: Began running node seed.language_platform.progress
[0m18:29:00.385306 [debug] [Thread-1 (]: Re-using an available connection from the pool (formerly seed.language_platform.lessons, now seed.language_platform.progress)
[0m18:29:00.386305 [debug] [Thread-1 (]: Began compiling node seed.language_platform.progress
[0m18:29:00.390470 [debug] [Thread-1 (]: Began executing node seed.language_platform.progress
[0m18:29:00.391528 [debug] [Thread-1 (]: Finished running node seed.language_platform.progress
[0m18:29:00.392648 [debug] [Thread-1 (]: Began running node seed.language_platform.users
[0m18:29:00.393750 [debug] [Thread-1 (]: Re-using an available connection from the pool (formerly seed.language_platform.progress, now seed.language_platform.users)
[0m18:29:00.394309 [debug] [Thread-1 (]: Began compiling node seed.language_platform.users
[0m18:29:00.397534 [debug] [Thread-1 (]: Began executing node seed.language_platform.users
[0m18:29:00.398591 [debug] [Thread-1 (]: Finished running node seed.language_platform.users
[0m18:29:00.400146 [debug] [Thread-1 (]: Began running node model.language_platform.mrt_user_learning_progress
[0m18:29:00.401148 [debug] [Thread-1 (]: Re-using an available connection from the pool (formerly seed.language_platform.users, now model.language_platform.mrt_user_learning_progress)
[0m18:29:00.401148 [debug] [Thread-1 (]: Began compiling node model.language_platform.mrt_user_learning_progress
[0m18:29:00.409109 [debug] [Thread-1 (]: Writing injected SQL for node "model.language_platform.mrt_user_learning_progress"
[0m18:29:00.411137 [debug] [Thread-1 (]: Began executing node model.language_platform.mrt_user_learning_progress
[0m18:29:00.413131 [debug] [Thread-1 (]: Finished running node model.language_platform.mrt_user_learning_progress
[0m18:29:00.415133 [debug] [MainThread]: Connection 'master' was properly closed.
[0m18:29:00.415133 [debug] [MainThread]: Connection 'list_language_db_main' was properly closed.
[0m18:29:00.416119 [debug] [MainThread]: Connection 'model.language_platform.mrt_user_learning_progress' was properly closed.
[0m18:29:00.417132 [debug] [MainThread]: Command end result
[0m18:29:00.545334 [debug] [MainThread]: Wrote artifact WritableManifest to C:\Users\kartu\Downloads\MGIMO_BigData-main\LAB2\language_platform\target\manifest.json
[0m18:29:00.550335 [debug] [MainThread]: Wrote artifact SemanticManifest to C:\Users\kartu\Downloads\MGIMO_BigData-main\LAB2\language_platform\target\semantic_manifest.json
[0m18:29:00.559332 [debug] [MainThread]: Wrote artifact RunExecutionResult to C:\Users\kartu\Downloads\MGIMO_BigData-main\LAB2\language_platform\target\run_results.json
[0m18:29:00.564335 [debug] [MainThread]: Acquiring new duckdb connection 'generate_catalog'
[0m18:29:00.565334 [info ] [MainThread]: Building catalog
[0m18:29:00.580902 [debug] [ThreadPool]: Acquiring new duckdb connection 'language_db.information_schema'
[0m18:29:00.589525 [debug] [ThreadPool]: Using duckdb connection "language_db.information_schema"
[0m18:29:00.591512 [debug] [ThreadPool]: On language_db.information_schema: BEGIN
[0m18:29:00.592525 [debug] [ThreadPool]: Opening a new connection, currently in state init
[0m18:29:00.593531 [debug] [ThreadPool]: SQL status: OK in 0.001 seconds
[0m18:29:00.594558 [debug] [ThreadPool]: Using duckdb connection "language_db.information_schema"
[0m18:29:00.594558 [debug] [ThreadPool]: On language_db.information_schema: /* {"app": "dbt", "dbt_version": "1.11.10", "profile_name": "language_platform", "target_name": "dev", "connection_name": "language_db.information_schema"} */
with relations AS (
      select
        t.table_name
        , t.database_name
        , t.schema_name
        , 'BASE TABLE' as table_type
        , t.comment as table_comment
      from duckdb_tables() t
      WHERE t.database_name = 'language_db'
      UNION ALL
      SELECT v.view_name as table_name
      , v.database_name
      , v.schema_name
      , 'VIEW' as table_type
      , v.comment as table_comment
      from duckdb_views() v
      WHERE v.database_name = 'language_db'
    )
    select
        'language_db' as table_database,
        r.schema_name as table_schema,
        r.table_name,
        r.table_type,
        r.table_comment,
        c.column_name,
        c.column_index as column_index,
        c.data_type as column_type,
        c.comment as column_comment,
        NULL as table_owner
    FROM relations r JOIN duckdb_columns() c ON r.schema_name = c.schema_name AND r.table_name = c.table_name
    WHERE (upper(r.schema_name) = upper('main'))
    ORDER BY
        r.schema_name,
        r.table_name,
        c.column_index
[0m18:29:00.622082 [debug] [ThreadPool]: SQL status: OK in 0.027 seconds
[0m18:29:00.628078 [debug] [ThreadPool]: On language_db.information_schema: ROLLBACK
[0m18:29:00.629079 [debug] [ThreadPool]: Failed to rollback 'language_db.information_schema'
[0m18:29:00.630084 [debug] [ThreadPool]: On language_db.information_schema: Close
[0m18:29:00.645085 [debug] [MainThread]: Wrote artifact CatalogArtifact to C:\Users\kartu\Downloads\MGIMO_BigData-main\LAB2\language_platform\target\catalog.json
[0m18:29:00.707008 [debug] [MainThread]: Wrote artifact WritableManifest to C:\Users\kartu\Downloads\MGIMO_BigData-main\LAB2\language_platform\target\manifest.json
[0m18:29:00.711560 [debug] [MainThread]: Wrote artifact SemanticManifest to C:\Users\kartu\Downloads\MGIMO_BigData-main\LAB2\language_platform\target\semantic_manifest.json
[0m18:29:00.712560 [info ] [MainThread]: Catalog written to C:\Users\kartu\Downloads\MGIMO_BigData-main\LAB2\language_platform\target\catalog.json
[0m18:29:00.714944 [debug] [MainThread]: Command `dbt docs generate` succeeded at 18:29:00.714558 after 1.91 seconds
[0m18:29:00.715472 [debug] [MainThread]: Connection 'generate_catalog' was properly closed.
[0m18:29:00.716610 [debug] [MainThread]: Connection 'language_db.information_schema' was properly closed.
[0m18:29:00.717718 [debug] [MainThread]: Sending event: {'category': 'dbt', 'action': 'invocation', 'label': 'end', 'context': [<snowplow_tracker.self_describing_json.SelfDescribingJson object at 0x0000016D9F105510>, <snowplow_tracker.self_describing_json.SelfDescribingJson object at 0x0000016D9EE1A090>, <snowplow_tracker.self_describing_json.SelfDescribingJson object at 0x0000016D9F11D1D0>]}
[0m18:29:00.718833 [debug] [MainThread]: Flushing usage events
[0m18:29:01.389330 [debug] [MainThread]: An error was encountered while trying to flush usage events
[0m18:29:04.344880 [debug] [MainThread]: Sending event: {'category': 'dbt', 'action': 'invocation', 'label': 'start', 'context': [<snowplow_tracker.self_describing_json.SelfDescribingJson object at 0x0000015B02958750>, <snowplow_tracker.self_describing_json.SelfDescribingJson object at 0x0000015B02BA0BD0>, <snowplow_tracker.self_describing_json.SelfDescribingJson object at 0x0000015B02BA1FD0>]}


============================== 18:29:04.350865 | 14a944c1-1e03-4b8f-bc63-4f9ea8b363b5 ==============================
[0m18:29:04.350865 [info ] [MainThread]: Running with dbt=1.11.10
[0m18:29:04.351882 [debug] [MainThread]: running dbt with arguments {'version_check': 'True', 'no_print': 'None', 'static_parser': 'True', 'warn_error_options': 'WarnErrorOptionsV2(error=[], warn=[], silence=[])', 'target_path': 'None', 'printer_width': '80', 'write_json': 'True', 'empty': 'None', 'log_cache_events': 'False', 'introspect': 'True', 'cache_selected_only': 'False', 'fail_fast': 'False', 'debug': 'False', 'log_format': 'default', 'partial_parse': 'True', 'send_anonymous_usage_stats': 'True', 'quiet': 'False', 'warn_error': 'None', 'profiles_dir': 'C:\\Users\\kartu\\.dbt', 'invocation_command': 'dbt docs serve', 'use_colors': 'True', 'indirect_selection': 'eager', 'use_experimental_parser': 'False', 'log_path': 'C:\\Users\\kartu\\Downloads\\MGIMO_BigData-main\\LAB2\\language_platform\\logs'}
[0m18:29:04.588628 [debug] [MainThread]: Sending event: {'category': 'dbt', 'action': 'project_id', 'label': '14a944c1-1e03-4b8f-bc63-4f9ea8b363b5', 'context': [<snowplow_tracker.self_describing_json.SelfDescribingJson object at 0x0000015B03BE2D90>]}
[0m18:29:04.648748 [debug] [MainThread]: Sending event: {'category': 'dbt', 'action': 'adapter_info', 'label': '14a944c1-1e03-4b8f-bc63-4f9ea8b363b5', 'context': [<snowplow_tracker.self_describing_json.SelfDescribingJson object at 0x0000015B01B91490>]}
[0m18:33:17.778863 [error] [MainThread]: Encountered an error:

[0m18:33:17.783862 [error] [MainThread]: Traceback (most recent call last):
  File "C:\Users\kartu\Downloads\MGIMO_BigData-main\LAB2\.venv\Lib\site-packages\dbt\cli\requires.py", line 182, in wrapper
    result, success = func(*args, **kwargs)
                      ^^^^^^^^^^^^^^^^^^^^^
  File "C:\Users\kartu\Downloads\MGIMO_BigData-main\LAB2\.venv\Lib\site-packages\dbt\cli\requires.py", line 128, in wrapper
    return func(*args, **kwargs)
           ^^^^^^^^^^^^^^^^^^^^^
  File "C:\Users\kartu\Downloads\MGIMO_BigData-main\LAB2\.venv\Lib\site-packages\dbt\cli\requires.py", line 276, in wrapper
    return func(*args, **kwargs)
           ^^^^^^^^^^^^^^^^^^^^^
  File "C:\Users\kartu\Downloads\MGIMO_BigData-main\LAB2\.venv\Lib\site-packages\dbt\cli\requires.py", line 321, in wrapper
    return func(*args, **kwargs)
           ^^^^^^^^^^^^^^^^^^^^^
  File "C:\Users\kartu\Downloads\MGIMO_BigData-main\LAB2\.venv\Lib\site-packages\dbt\cli\requires.py", line 368, in wrapper
    return func(*args, **kwargs)
           ^^^^^^^^^^^^^^^^^^^^^
  File "C:\Users\kartu\Downloads\MGIMO_BigData-main\LAB2\.venv\Lib\site-packages\dbt\cli\main.py", line 309, in docs_serve
    results = task.run()
              ^^^^^^^^^^
  File "C:\Users\kartu\Downloads\MGIMO_BigData-main\LAB2\.venv\Lib\site-packages\dbt\task\docs\serve.py", line 29, in run
    httpd.serve_forever()
  File "C:\Users\kartu\AppData\Local\Programs\Python\Python311\Lib\socketserver.py", line 233, in serve_forever
    ready = selector.select(poll_interval)
            ^^^^^^^^^^^^^^^^^^^^^^^^^^^^^^
  File "C:\Users\kartu\AppData\Local\Programs\Python\Python311\Lib\selectors.py", line 323, in select
    r, w, _ = self._select(self._readers, self._writers, [], timeout)
              ^^^^^^^^^^^^^^^^^^^^^^^^^^^^^^^^^^^^^^^^^^^^^^^^^^^^^^^
  File "C:\Users\kartu\AppData\Local\Programs\Python\Python311\Lib\selectors.py", line 314, in _select
    r, w, x = select.select(r, w, w, timeout)
              ^^^^^^^^^^^^^^^^^^^^^^^^^^^^^^^
KeyboardInterrupt

[0m18:33:17.784867 [debug] [MainThread]: Command `dbt docs serve` failed at 18:33:17.784867 after 253.53 seconds
[0m18:33:17.785879 [debug] [MainThread]: Sending event: {'category': 'dbt', 'action': 'invocation', 'label': 'end', 'context': [<snowplow_tracker.self_describing_json.SelfDescribingJson object at 0x0000015B7F252D50>, <snowplow_tracker.self_describing_json.SelfDescribingJson object at 0x0000015B0284FD90>, <snowplow_tracker.self_describing_json.SelfDescribingJson object at 0x0000015B03E8A190>]}
[0m18:33:17.786863 [debug] [MainThread]: Flushing usage events
[0m18:33:18.411188 [debug] [MainThread]: An error was encountered while trying to flush usage events
[0m18:33:29.710952 [debug] [MainThread]: Sending event: {'category': 'dbt', 'action': 'invocation', 'label': 'start', 'context': [<snowplow_tracker.self_describing_json.SelfDescribingJson object at 0x000001F1C9AF1A50>, <snowplow_tracker.self_describing_json.SelfDescribingJson object at 0x000001F1C9AF17D0>, <snowplow_tracker.self_describing_json.SelfDescribingJson object at 0x000001F1C9AF2690>]}


============================== 18:33:29.716958 | 24d579e2-20d0-47c8-a153-5ca527e3a534 ==============================
[0m18:33:29.716958 [info ] [MainThread]: Running with dbt=1.11.10
[0m18:33:29.717957 [debug] [MainThread]: running dbt with arguments {'version_check': 'True', 'no_print': 'None', 'static_parser': 'True', 'target_path': 'None', 'warn_error_options': 'WarnErrorOptionsV2(error=[], warn=[], silence=[])', 'printer_width': '80', 'write_json': 'True', 'introspect': 'True', 'log_cache_events': 'False', 'empty': 'False', 'cache_selected_only': 'False', 'log_format': 'default', 'debug': 'False', 'fail_fast': 'False', 'profiles_dir': 'C:\\Users\\kartu\\.dbt', 'send_anonymous_usage_stats': 'True', 'quiet': 'False', 'warn_error': 'None', 'partial_parse': 'True', 'use_colors': 'True', 'invocation_command': 'dbt run', 'indirect_selection': 'eager', 'use_experimental_parser': 'False', 'log_path': 'C:\\Users\\kartu\\Downloads\\MGIMO_BigData-main\\LAB2\\language_platform\\logs'}
[0m18:33:29.984418 [debug] [MainThread]: Sending event: {'category': 'dbt', 'action': 'project_id', 'label': '24d579e2-20d0-47c8-a153-5ca527e3a534', 'context': [<snowplow_tracker.self_describing_json.SelfDescribingJson object at 0x000001F1CABE1E90>]}
[0m18:33:30.042788 [debug] [MainThread]: Sending event: {'category': 'dbt', 'action': 'adapter_info', 'label': '24d579e2-20d0-47c8-a153-5ca527e3a534', 'context': [<snowplow_tracker.self_describing_json.SelfDescribingJson object at 0x000001F1CACB1010>]}
[0m18:33:30.045805 [info ] [MainThread]: Registered adapter: duckdb=1.10.1
[0m18:33:30.340061 [debug] [MainThread]: checksum: 2f247960199844e016e6a527f21364251736722c6212f4b11e96849fe0fc9e96, vars: {}, profile: , target: , version: 1.11.10
[0m18:33:30.476971 [debug] [MainThread]: Partial parsing enabled: 0 files deleted, 0 files added, 1 files changed.
[0m18:33:30.477986 [debug] [MainThread]: Partial parsing: updated file: language_platform://models\mrt_user_learning_progress.sql
[0m18:33:30.779543 [warn ] [MainThread]: [[33mWARNING[0m]: Configuration paths exist in your dbt_project.yml file which do not apply to any resources.
There are 1 unused configuration paths:
- models.language_platform.example
[0m18:33:30.785524 [debug] [MainThread]: Sending event: {'category': 'dbt', 'action': 'load_project', 'label': '24d579e2-20d0-47c8-a153-5ca527e3a534', 'context': [<snowplow_tracker.self_describing_json.SelfDescribingJson object at 0x000001F1CB2330D0>]}
[0m18:33:30.863173 [debug] [MainThread]: Wrote artifact WritableManifest to C:\Users\kartu\Downloads\MGIMO_BigData-main\LAB2\language_platform\target\manifest.json
[0m18:33:30.865882 [debug] [MainThread]: Wrote artifact SemanticManifest to C:\Users\kartu\Downloads\MGIMO_BigData-main\LAB2\language_platform\target\semantic_manifest.json
[0m18:33:30.883995 [debug] [MainThread]: Sending event: {'category': 'dbt', 'action': 'resource_counts', 'label': '24d579e2-20d0-47c8-a153-5ca527e3a534', 'context': [<snowplow_tracker.self_describing_json.SelfDescribingJson object at 0x000001F1CB1D86D0>]}
[0m18:33:30.884996 [info ] [MainThread]: Found 6 seeds, 1 model, 477 macros
[0m18:33:30.885995 [debug] [MainThread]: Sending event: {'category': 'dbt', 'action': 'runnable_timing', 'label': '24d579e2-20d0-47c8-a153-5ca527e3a534', 'context': [<snowplow_tracker.self_describing_json.SelfDescribingJson object at 0x000001F1CAD6ED10>]}
[0m18:33:30.887991 [info ] [MainThread]: 
[0m18:33:30.888994 [info ] [MainThread]: Concurrency: 1 threads (target='dev')
[0m18:33:30.890995 [info ] [MainThread]: 
[0m18:33:30.891996 [debug] [MainThread]: Acquiring new duckdb connection 'master'
[0m18:33:30.893996 [debug] [ThreadPool]: Acquiring new duckdb connection 'list_language_db'
[0m18:33:30.975520 [debug] [ThreadPool]: Using duckdb connection "list_language_db"
[0m18:33:30.976543 [debug] [ThreadPool]: On list_language_db: /* {"app": "dbt", "dbt_version": "1.11.10", "profile_name": "language_platform", "target_name": "dev", "connection_name": "list_language_db"} */

    
    select schema_name
    from system.information_schema.schemata
    
    where lower(catalog_name) = '"language_db"'
    
  
  
[0m18:33:30.977543 [debug] [ThreadPool]: Opening a new connection, currently in state init
[0m18:33:30.996543 [debug] [ThreadPool]: SQL status: OK in 0.020 seconds
[0m18:33:30.998581 [debug] [ThreadPool]: On list_language_db: Close
[0m18:33:30.999566 [debug] [ThreadPool]: Re-using an available connection from the pool (formerly list_language_db, now create_language_db_main)
[0m18:33:31.000562 [debug] [ThreadPool]: Creating schema "database: "language_db"
schema: "main"
"
[0m18:33:31.007565 [debug] [ThreadPool]: Using duckdb connection "create_language_db_main"
[0m18:33:31.007565 [debug] [ThreadPool]: On create_language_db_main: /* {"app": "dbt", "dbt_version": "1.11.10", "profile_name": "language_platform", "target_name": "dev", "connection_name": "create_language_db_main"} */

    
        select type from duckdb_databases()
        where lower(database_name)='language_db'
        and type='sqlite'
    
  
[0m18:33:31.008565 [debug] [ThreadPool]: Opening a new connection, currently in state closed
[0m18:33:31.010581 [debug] [ThreadPool]: SQL status: OK in 0.002 seconds
[0m18:33:31.012123 [debug] [ThreadPool]: Using duckdb connection "create_language_db_main"
[0m18:33:31.013148 [debug] [ThreadPool]: On create_language_db_main: BEGIN
[0m18:33:31.014149 [debug] [ThreadPool]: SQL status: OK in 0.000 seconds
[0m18:33:31.015165 [debug] [ThreadPool]: Using duckdb connection "create_language_db_main"
[0m18:33:31.015165 [debug] [ThreadPool]: On create_language_db_main: /* {"app": "dbt", "dbt_version": "1.11.10", "profile_name": "language_platform", "target_name": "dev", "connection_name": "create_language_db_main"} */

    
    
        create schema if not exists "language_db"."main"
    
[0m18:33:31.016147 [debug] [ThreadPool]: SQL status: OK in 0.000 seconds
[0m18:33:31.017139 [debug] [ThreadPool]: On create_language_db_main: COMMIT
[0m18:33:31.018164 [debug] [ThreadPool]: Using duckdb connection "create_language_db_main"
[0m18:33:31.018164 [debug] [ThreadPool]: On create_language_db_main: COMMIT
[0m18:33:31.019148 [debug] [ThreadPool]: SQL status: OK in 0.000 seconds
[0m18:33:31.020148 [debug] [ThreadPool]: On create_language_db_main: Close
[0m18:33:31.025164 [debug] [ThreadPool]: Acquiring new duckdb connection 'list_language_db_main'
[0m18:33:31.032140 [debug] [ThreadPool]: Using duckdb connection "list_language_db_main"
[0m18:33:31.033138 [debug] [ThreadPool]: On list_language_db_main: BEGIN
[0m18:33:31.033138 [debug] [ThreadPool]: Opening a new connection, currently in state init
[0m18:33:31.034148 [debug] [ThreadPool]: SQL status: OK in 0.001 seconds
[0m18:33:31.035147 [debug] [ThreadPool]: Using duckdb connection "list_language_db_main"
[0m18:33:31.035147 [debug] [ThreadPool]: On list_language_db_main: /* {"app": "dbt", "dbt_version": "1.11.10", "profile_name": "language_platform", "target_name": "dev", "connection_name": "list_language_db_main"} */
select
      'language_db' as database,
      table_name as name,
      table_schema as schema,
      CASE table_type
        WHEN 'BASE TABLE' THEN 'table'
        WHEN 'VIEW' THEN 'view'
        WHEN 'LOCAL TEMPORARY' THEN 'table'
        END as type
    from system.information_schema.tables
    where lower(table_schema) = 'main'
    and lower(table_catalog) = 'language_db'
  
[0m18:33:31.039164 [debug] [ThreadPool]: SQL status: OK in 0.004 seconds
[0m18:33:31.041164 [debug] [ThreadPool]: On list_language_db_main: ROLLBACK
[0m18:33:31.042147 [debug] [ThreadPool]: Failed to rollback 'list_language_db_main'
[0m18:33:31.043164 [debug] [ThreadPool]: On list_language_db_main: Close
[0m18:33:31.046134 [debug] [MainThread]: Sending event: {'category': 'dbt', 'action': 'runnable_timing', 'label': '24d579e2-20d0-47c8-a153-5ca527e3a534', 'context': [<snowplow_tracker.self_describing_json.SelfDescribingJson object at 0x000001F1CB560E90>]}
[0m18:33:31.047146 [debug] [MainThread]: Using duckdb connection "master"
[0m18:33:31.048135 [debug] [MainThread]: On master: BEGIN
[0m18:33:31.048135 [debug] [MainThread]: Opening a new connection, currently in state init
[0m18:33:31.049148 [debug] [MainThread]: SQL status: OK in 0.001 seconds
[0m18:33:31.050147 [debug] [MainThread]: On master: COMMIT
[0m18:33:31.050147 [debug] [MainThread]: Using duckdb connection "master"
[0m18:33:31.051164 [debug] [MainThread]: On master: COMMIT
[0m18:33:31.052164 [debug] [MainThread]: SQL status: OK in 0.000 seconds
[0m18:33:31.052164 [debug] [MainThread]: On master: Close
[0m18:33:31.056164 [debug] [Thread-1 (]: Began running node model.language_platform.mrt_user_learning_progress
[0m18:33:31.057149 [info ] [Thread-1 (]: 1 of 1 START sql table model main.mrt_user_learning_progress ................... [RUN]
[0m18:33:31.059148 [debug] [Thread-1 (]: Acquiring new duckdb connection 'model.language_platform.mrt_user_learning_progress'
[0m18:33:31.059148 [debug] [Thread-1 (]: Began compiling node model.language_platform.mrt_user_learning_progress
[0m18:33:31.068135 [debug] [Thread-1 (]: Writing injected SQL for node "model.language_platform.mrt_user_learning_progress"
[0m18:33:31.070138 [debug] [Thread-1 (]: Began executing node model.language_platform.mrt_user_learning_progress
[0m18:33:31.104186 [debug] [Thread-1 (]: Writing runtime sql for node "model.language_platform.mrt_user_learning_progress"
[0m18:33:31.105170 [debug] [Thread-1 (]: Using duckdb connection "model.language_platform.mrt_user_learning_progress"
[0m18:33:31.105170 [debug] [Thread-1 (]: On model.language_platform.mrt_user_learning_progress: BEGIN
[0m18:33:31.106187 [debug] [Thread-1 (]: Opening a new connection, currently in state init
[0m18:33:31.107186 [debug] [Thread-1 (]: SQL status: OK in 0.001 seconds
[0m18:33:31.108157 [debug] [Thread-1 (]: Using duckdb connection "model.language_platform.mrt_user_learning_progress"
[0m18:33:31.109160 [debug] [Thread-1 (]: On model.language_platform.mrt_user_learning_progress: /* {"app": "dbt", "dbt_version": "1.11.10", "profile_name": "language_platform", "target_name": "dev", "node_id": "model.language_platform.mrt_user_learning_progress"} */

  
    
    

    create  table
      "language_db"."main"."mrt_user_learning_progress__dbt_tmp"
  
    as (
      

with source_data as (
    select
        u.user_name,
        u.country,
        l.lang_name as language,
        l.level as language_level,
        les.lesson_title,
        p.score,
        d.words_learned,
        ex.ex_type
    from "language_db"."main"."progress" p
    join "language_db"."main"."users" u on p.user_id = u.user_id
    join "language_db"."main"."lessons" les on p.lesson_id = les.lesson_id
    join "language_db"."main"."languages" l on les.lang_id = l.lang_id
    left join "language_db"."main"."dictionaries" d on u.user_id = d.user_id and l.lang_id = d.lang_id
    left join "language_db"."main"."exercises" ex on les.lesson_id = ex.lesson_id
)

select 
    user_name,
    country,
    language,
    language_level,
    count(distinct lesson_title) as total_lessons,
    round(avg(score), 1) as avg_score,
    sum(distinct words_learned) as total_words,
    -- Собираем типы упражнений в одну строку для наглядности
    group_concat(distinct ex_type, ', ') as exercise_types
from source_data
group by 1, 2, 3, 4
    );
  
  
[0m18:33:31.125211 [debug] [Thread-1 (]: SQL status: OK in 0.015 seconds
[0m18:33:31.131208 [debug] [Thread-1 (]: Using duckdb connection "model.language_platform.mrt_user_learning_progress"
[0m18:33:31.131208 [debug] [Thread-1 (]: On model.language_platform.mrt_user_learning_progress: /* {"app": "dbt", "dbt_version": "1.11.10", "profile_name": "language_platform", "target_name": "dev", "node_id": "model.language_platform.mrt_user_learning_progress"} */

    SELECT index_name
    FROM duckdb_indexes()
    WHERE schema_name = 'main'
      AND table_name = 'mrt_user_learning_progress'
  
[0m18:33:31.133208 [debug] [Thread-1 (]: SQL status: OK in 0.001 seconds
[0m18:33:31.134207 [debug] [Thread-1 (]: Using duckdb connection "model.language_platform.mrt_user_learning_progress"
[0m18:33:31.135210 [debug] [Thread-1 (]: On model.language_platform.mrt_user_learning_progress: /* {"app": "dbt", "dbt_version": "1.11.10", "profile_name": "language_platform", "target_name": "dev", "node_id": "model.language_platform.mrt_user_learning_progress"} */

    SELECT COUNT(*) as remaining_indexes
    FROM duckdb_indexes()
    WHERE schema_name = 'main'
      AND table_name = 'mrt_user_learning_progress'
  
[0m18:33:31.136214 [debug] [Thread-1 (]: SQL status: OK in 0.001 seconds
[0m18:33:31.143229 [debug] [Thread-1 (]: Using duckdb connection "model.language_platform.mrt_user_learning_progress"
[0m18:33:31.144222 [debug] [Thread-1 (]: On model.language_platform.mrt_user_learning_progress: /* {"app": "dbt", "dbt_version": "1.11.10", "profile_name": "language_platform", "target_name": "dev", "node_id": "model.language_platform.mrt_user_learning_progress"} */
alter table "language_db"."main"."mrt_user_learning_progress" rename to "mrt_user_learning_progress__dbt_backup"
[0m18:33:31.145238 [debug] [Thread-1 (]: SQL status: OK in 0.000 seconds
[0m18:33:31.149239 [debug] [Thread-1 (]: Using duckdb connection "model.language_platform.mrt_user_learning_progress"
[0m18:33:31.150239 [debug] [Thread-1 (]: On model.language_platform.mrt_user_learning_progress: /* {"app": "dbt", "dbt_version": "1.11.10", "profile_name": "language_platform", "target_name": "dev", "node_id": "model.language_platform.mrt_user_learning_progress"} */
alter table "language_db"."main"."mrt_user_learning_progress__dbt_tmp" rename to "mrt_user_learning_progress"
[0m18:33:31.151215 [debug] [Thread-1 (]: SQL status: OK in 0.000 seconds
[0m18:33:31.168239 [debug] [Thread-1 (]: On model.language_platform.mrt_user_learning_progress: COMMIT
[0m18:33:31.168239 [debug] [Thread-1 (]: Using duckdb connection "model.language_platform.mrt_user_learning_progress"
[0m18:33:31.169238 [debug] [Thread-1 (]: On model.language_platform.mrt_user_learning_progress: COMMIT
[0m18:33:31.187508 [debug] [Thread-1 (]: SQL status: OK in 0.018 seconds
[0m18:33:31.193504 [debug] [Thread-1 (]: Using duckdb connection "model.language_platform.mrt_user_learning_progress"
[0m18:33:31.193504 [debug] [Thread-1 (]: On model.language_platform.mrt_user_learning_progress: /* {"app": "dbt", "dbt_version": "1.11.10", "profile_name": "language_platform", "target_name": "dev", "node_id": "model.language_platform.mrt_user_learning_progress"} */

      drop table if exists "language_db"."main"."mrt_user_learning_progress__dbt_backup" cascade
    
[0m18:33:31.202523 [debug] [Thread-1 (]: SQL status: OK in 0.008 seconds
[0m18:33:31.205513 [debug] [Thread-1 (]: On model.language_platform.mrt_user_learning_progress: Close
[0m18:33:31.208526 [debug] [Thread-1 (]: Sending event: {'category': 'dbt', 'action': 'run_model', 'label': '24d579e2-20d0-47c8-a153-5ca527e3a534', 'context': [<snowplow_tracker.self_describing_json.SelfDescribingJson object at 0x000001F1CB6054D0>]}
[0m18:33:31.209542 [info ] [Thread-1 (]: 1 of 1 OK created sql table model main.mrt_user_learning_progress .............. [[32mOK[0m in 0.15s]
[0m18:33:31.210542 [debug] [Thread-1 (]: Finished running node model.language_platform.mrt_user_learning_progress
[0m18:33:31.213082 [debug] [MainThread]: Using duckdb connection "master"
[0m18:33:31.214083 [debug] [MainThread]: On master: BEGIN
[0m18:33:31.215088 [debug] [MainThread]: Opening a new connection, currently in state closed
[0m18:33:31.215088 [debug] [MainThread]: SQL status: OK in 0.001 seconds
[0m18:33:31.216088 [debug] [MainThread]: On master: COMMIT
[0m18:33:31.216088 [debug] [MainThread]: Using duckdb connection "master"
[0m18:33:31.217088 [debug] [MainThread]: On master: COMMIT
[0m18:33:31.218083 [debug] [MainThread]: SQL status: OK in 0.000 seconds
[0m18:33:31.219078 [debug] [MainThread]: On master: Close
[0m18:33:31.220090 [debug] [MainThread]: Connection 'master' was properly closed.
[0m18:33:31.221088 [debug] [MainThread]: Connection 'create_language_db_main' was properly closed.
[0m18:33:31.221088 [debug] [MainThread]: Connection 'list_language_db_main' was properly closed.
[0m18:33:31.221088 [debug] [MainThread]: Connection 'model.language_platform.mrt_user_learning_progress' was properly closed.
[0m18:33:31.222078 [info ] [MainThread]: 
[0m18:33:31.223081 [info ] [MainThread]: Finished running 1 table model in 0 hours 0 minutes and 0.33 seconds (0.33s).
[0m18:33:31.224075 [debug] [MainThread]: Command end result
[0m18:33:31.260104 [debug] [MainThread]: Wrote artifact WritableManifest to C:\Users\kartu\Downloads\MGIMO_BigData-main\LAB2\language_platform\target\manifest.json
[0m18:33:31.264089 [debug] [MainThread]: Wrote artifact SemanticManifest to C:\Users\kartu\Downloads\MGIMO_BigData-main\LAB2\language_platform\target\semantic_manifest.json
[0m18:33:31.270798 [debug] [MainThread]: Wrote artifact RunExecutionResult to C:\Users\kartu\Downloads\MGIMO_BigData-main\LAB2\language_platform\target\run_results.json
[0m18:33:31.271397 [info ] [MainThread]: 
[0m18:33:31.272484 [info ] [MainThread]: [32mCompleted successfully[0m
[0m18:33:31.273036 [info ] [MainThread]: 
[0m18:33:31.274123 [info ] [MainThread]: Done. PASS=1 WARN=0 ERROR=0 SKIP=0 NO-OP=0 TOTAL=1
[0m18:33:31.275752 [debug] [MainThread]: Command `dbt run` succeeded at 18:33:31.275204 after 1.67 seconds
[0m18:33:31.276318 [debug] [MainThread]: Sending event: {'category': 'dbt', 'action': 'invocation', 'label': 'end', 'context': [<snowplow_tracker.self_describing_json.SelfDescribingJson object at 0x000001F1CABAF010>, <snowplow_tracker.self_describing_json.SelfDescribingJson object at 0x000001F1CABACA50>, <snowplow_tracker.self_describing_json.SelfDescribingJson object at 0x000001F1C2D6A090>]}
[0m18:33:31.276872 [debug] [MainThread]: Flushing usage events
[0m18:33:31.898206 [debug] [MainThread]: An error was encountered while trying to flush usage events
[0m18:34:36.498828 [debug] [MainThread]: Sending event: {'category': 'dbt', 'action': 'invocation', 'label': 'start', 'context': [<snowplow_tracker.self_describing_json.SelfDescribingJson object at 0x000001F74F421350>, <snowplow_tracker.self_describing_json.SelfDescribingJson object at 0x000001F74F421790>, <snowplow_tracker.self_describing_json.SelfDescribingJson object at 0x000001F74F421450>]}


============================== 18:34:36.510416 | 40557f0a-dc3c-4bb0-9a27-06969700f334 ==============================
[0m18:34:36.510416 [info ] [MainThread]: Running with dbt=1.11.10
[0m18:34:36.511418 [debug] [MainThread]: running dbt with arguments {'version_check': 'True', 'no_print': 'None', 'static_parser': 'True', 'warn_error_options': 'WarnErrorOptionsV2(error=[], warn=[], silence=[])', 'target_path': 'None', 'printer_width': '80', 'write_json': 'True', 'empty': 'None', 'log_cache_events': 'False', 'introspect': 'True', 'cache_selected_only': 'False', 'fail_fast': 'False', 'debug': 'False', 'log_format': 'default', 'partial_parse': 'True', 'send_anonymous_usage_stats': 'True', 'quiet': 'False', 'warn_error': 'None', 'profiles_dir': 'C:\\Users\\kartu\\.dbt', 'indirect_selection': 'eager', 'invocation_command': 'dbt docs serve', 'use_colors': 'True', 'use_experimental_parser': 'False', 'log_path': 'C:\\Users\\kartu\\Downloads\\MGIMO_BigData-main\\LAB2\\language_platform\\logs'}
[0m18:34:36.748278 [debug] [MainThread]: Sending event: {'category': 'dbt', 'action': 'project_id', 'label': '40557f0a-dc3c-4bb0-9a27-06969700f334', 'context': [<snowplow_tracker.self_describing_json.SelfDescribingJson object at 0x000001F75045C490>]}
[0m18:34:36.806864 [debug] [MainThread]: Sending event: {'category': 'dbt', 'action': 'adapter_info', 'label': '40557f0a-dc3c-4bb0-9a27-06969700f334', 'context': [<snowplow_tracker.self_describing_json.SelfDescribingJson object at 0x000001F74BB7E0D0>]}
[0m18:43:46.776091 [error] [MainThread]: Encountered an error:

[0m18:43:46.781092 [error] [MainThread]: Traceback (most recent call last):
  File "C:\Users\kartu\Downloads\MGIMO_BigData-main\LAB2\.venv\Lib\site-packages\dbt\cli\requires.py", line 182, in wrapper
    result, success = func(*args, **kwargs)
                      ^^^^^^^^^^^^^^^^^^^^^
  File "C:\Users\kartu\Downloads\MGIMO_BigData-main\LAB2\.venv\Lib\site-packages\dbt\cli\requires.py", line 128, in wrapper
    return func(*args, **kwargs)
           ^^^^^^^^^^^^^^^^^^^^^
  File "C:\Users\kartu\Downloads\MGIMO_BigData-main\LAB2\.venv\Lib\site-packages\dbt\cli\requires.py", line 276, in wrapper
    return func(*args, **kwargs)
           ^^^^^^^^^^^^^^^^^^^^^
  File "C:\Users\kartu\Downloads\MGIMO_BigData-main\LAB2\.venv\Lib\site-packages\dbt\cli\requires.py", line 321, in wrapper
    return func(*args, **kwargs)
           ^^^^^^^^^^^^^^^^^^^^^
  File "C:\Users\kartu\Downloads\MGIMO_BigData-main\LAB2\.venv\Lib\site-packages\dbt\cli\requires.py", line 368, in wrapper
    return func(*args, **kwargs)
           ^^^^^^^^^^^^^^^^^^^^^
  File "C:\Users\kartu\Downloads\MGIMO_BigData-main\LAB2\.venv\Lib\site-packages\dbt\cli\main.py", line 309, in docs_serve
    results = task.run()
              ^^^^^^^^^^
  File "C:\Users\kartu\Downloads\MGIMO_BigData-main\LAB2\.venv\Lib\site-packages\dbt\task\docs\serve.py", line 29, in run
    httpd.serve_forever()
  File "C:\Users\kartu\AppData\Local\Programs\Python\Python311\Lib\socketserver.py", line 233, in serve_forever
    ready = selector.select(poll_interval)
            ^^^^^^^^^^^^^^^^^^^^^^^^^^^^^^
  File "C:\Users\kartu\AppData\Local\Programs\Python\Python311\Lib\selectors.py", line 323, in select
    r, w, _ = self._select(self._readers, self._writers, [], timeout)
              ^^^^^^^^^^^^^^^^^^^^^^^^^^^^^^^^^^^^^^^^^^^^^^^^^^^^^^^
  File "C:\Users\kartu\AppData\Local\Programs\Python\Python311\Lib\selectors.py", line 314, in _select
    r, w, x = select.select(r, w, w, timeout)
              ^^^^^^^^^^^^^^^^^^^^^^^^^^^^^^^
KeyboardInterrupt

[0m18:43:46.783094 [debug] [MainThread]: Command `dbt docs serve` failed at 18:43:46.782093 after 550.38 seconds
[0m18:43:46.783094 [debug] [MainThread]: Sending event: {'category': 'dbt', 'action': 'invocation', 'label': 'end', 'context': [<snowplow_tracker.self_describing_json.SelfDescribingJson object at 0x000001F75045C3D0>, <snowplow_tracker.self_describing_json.SelfDescribingJson object at 0x000001F74F421610>, <snowplow_tracker.self_describing_json.SelfDescribingJson object at 0x000001F74F423910>]}
[0m18:43:46.784091 [debug] [MainThread]: Flushing usage events
[0m18:43:47.418402 [debug] [MainThread]: An error was encountered while trying to flush usage events
